plant_label,soil_now,moisture_mean,moisture_delta,moisture_slope,dry_duration,temp_now,humidity_now,light_now,hour_sin,hour_cos,dow_sin,dow_cos,soil_x_slope,minutes_until_water,risk
PeaceLily,42.98,42.98,0.0,0.0,0.0,24.0,61.9,7.89,-0.7071067811865477,0.7071067811865474,0.7818314824680298,0.6234898018587336,0.0,4232.933333333333,0
PeaceLily,43.02,43.0,0.04000000000000625,0.04000000000000625,0.0,23.6,58.6,0.0,0.0,1.0,0.9749279121818236,-0.22252093395631434,1.7208000000002692,4052.8333333333335,0
PeaceLily,42.05,42.68333333333334,-0.970000000000006,-0.46499999999999986,0.0,23.5,57.2,4.69,0.7071067811865476,0.7071067811865476,0.9749279121818236,-0.22252093395631434,-19.55324999999999,3872.8333333333335,0
PeaceLily,42.0,42.5125,-0.04999999999999716,-0.3266666666666656,0.0,23.5,58.2,17.19,1.0,6.123233995736766e-17,0.9749279121818236,-0.22252093395631434,-13.719999999999956,3692.8333333333335,0
PeaceLily,42.15,42.440000000000005,0.14999999999999858,-0.20749999999999957,0.0,23.6,61.1,71.33,0.7071067811865476,-0.7071067811865475,0.9749279121818236,-0.22252093395631434,-8.746124999999981,3512.85,0
PeaceLily,41.85,42.34166666666667,-0.29999999999999716,-0.2259999999999991,0.0,23.8,60.1,57.36,0.49999999999999994,-0.8660254037844387,0.9749279121818236,-0.22252093395631434,-9.458099999999963,3470.766666666667,0
PeaceLily,41.61,42.237142857142864,-0.240000000000002,-0.22833333333333292,0.0,23.8,60.8,40.32,0.49999999999999994,-0.8660254037844387,0.9749279121818236,-0.22252093395631434,-9.500949999999982,3443.6666666666665,0
PeaceLily,41.37,42.12875,-0.240000000000002,-0.22999999999999993,0.0,23.8,60.8,55.56,0.49999999999999994,-0.8660254037844387,0.9749279121818236,-0.22252093395631434,-9.515099999999997,3420.0666666666666,0
PeaceLily,41.51,42.059999999999995,0.14000000000000057,-0.18374999999999986,0.0,24.0,55.4,53.94,-0.2588190451025208,-0.9659258262890683,0.9749279121818236,-0.22252093395631434,-7.627462499999994,3239.9166666666665,0
PeaceLily,41.37,41.991,-0.14000000000000057,-0.17888888888888882,0.0,23.7,57.5,29.72,-0.8660254037844385,-0.5000000000000004,0.9749279121818236,-0.22252093395631434,-7.40063333333333,3059.9166666666665,0
PeaceLily,40.73,41.876363636363635,-0.6400000000000006,-0.225,0.0,23.6,60.0,0.0,-0.9659258262890684,0.2588190451025203,0.9749279121818236,-0.22252093395631434,-9.16425,2879.9166666666665,0
PeaceLily,40.29,41.744166666666665,-0.4399999999999977,-0.24454545454545434,0.0,23.4,60.5,0.0,-0.5000000000000004,0.8660254037844384,0.9749279121818236,-0.22252093395631434,-9.852736363636355,2699.9333333333334,0
PeaceLily,40.0,41.61000000000001,-0.28999999999999915,-0.24833333333333307,0.0,23.2,59.2,0.0,0.25881904510252074,0.9659258262890683,0.43388373911755823,-0.900968867902419,-9.933333333333323,2519.9333333333334,0
PeaceLily,39.9,41.487857142857145,-0.10000000000000142,-0.2369230769230768,0.0,23.1,59.2,6.57,0.8660254037844386,0.5000000000000001,0.43388373911755823,-0.900968867902419,-9.453230769230764,2339.9333333333334,0
PeaceLily,39.85,41.37866666666667,-0.04999999999999716,-0.22357142857142825,0.0,22.8,60.1,57.31,0.9659258262890683,-0.25881904510252063,0.43388373911755823,-0.900968867902419,-8.909321428571417,2159.9333333333334,0
PeaceLily,39.56,41.265,-0.28999999999999915,-0.22799999999999965,0.0,22.9,62.3,56.51,0.49999999999999994,-0.8660254037844387,0.43388373911755823,-0.900968867902419,-9.019679999999987,1979.95,0
PeaceLily,39.76,41.1764705882353,0.19999999999999574,-0.20124999999999993,0.0,23.0,59.6,59.51,-0.2588190451025208,-0.9659258262890683,0.43388373911755823,-0.900968867902419,-8.001699999999996,1799.95,0
PeaceLily,39.61,41.089444444444446,-0.14999999999999858,-0.1982352941176469,0.0,22.9,53.9,62.1,-0.8660254037844385,-0.5000000000000004,0.43388373911755823,-0.900968867902419,-7.852099999999994,1619.9333333333334,0
PeaceLily,39.12,40.985789473684214,-0.490000000000002,-0.2144444444444444,0.0,22.7,52.3,0.02,-0.9659258262890684,0.2588190451025203,0.43388373911755823,-0.900968867902419,-8.389066666666665,1439.95,0
PeaceLily,38.88,40.8805,-0.23999999999999488,-0.21578947368421023,0.0,22.7,53.8,0.0,-0.5000000000000004,0.8660254037844384,0.43388373911755823,-0.900968867902419,-8.389894736842095,1259.9666666666667,0
PeaceLily,38.29,40.75714285714285,-0.5900000000000034,-0.23449999999999988,0.0,22.5,55.5,0.0,0.25881904510252074,0.9659258262890683,-0.433883739117558,-0.9009688679024191,-8.979004999999995,1079.9333333333334,0
PeaceLily,38.54,40.656363636363636,0.25,-0.21142857142857133,0.0,22.4,56.1,37.19,0.8660254037844386,0.5000000000000001,-0.433883739117558,-0.9009688679024191,-8.148457142857138,899.9666666666667,0
PeaceLily,37.27,40.509130434782605,-1.269999999999996,-0.25954545454545425,0.0,22.3,60.0,57.02,0.9659258262890683,-0.25881904510252063,-0.433883739117558,-0.9009688679024191,-9.673259090909081,719.9333333333333,0
PeaceLily,36.88,40.35791666666666,-0.39000000000000057,-0.26521739130434757,0.0,22.4,63.4,52.43,0.49999999999999994,-0.8660254037844387,-0.433883739117558,-0.9009688679024191,-9.78121739130434,539.9833333333333,0
PeaceLily,36.2,40.1916,-0.6799999999999997,-0.28249999999999975,0.0,22.5,63.0,46.42,-0.2588190451025208,-0.9659258262890683,-0.433883739117558,-0.9009688679024191,-10.226499999999993,359.98333333333335,0
PeaceLily,35.85,40.02461538461538,-0.3500000000000014,-0.28519999999999984,0.0,22.6,61.4,21.1,-0.8660254037844385,-0.5000000000000004,-0.433883739117558,-0.9009688679024191,-10.224419999999995,179.95,0
PeaceLily,60.44,40.78074074074074,24.589999999999996,0.6715384615384615,0.0,22.7,62.1,0.0,-0.9659258262890684,0.2588190451025203,-0.433883739117558,-0.9009688679024191,40.587784615384614,14373.789570664618,0
PeaceLily,59.22,41.43928571428571,-1.2199999999999989,0.6014814814814815,0.0,22.6,61.7,0.0,-0.5000000000000004,0.8660254037844384,-0.433883739117558,-0.9009688679024191,35.619733333333336,13734.72166701262,0
PeaceLily,58.39,42.02379310344828,-0.8299999999999983,0.550357142857143,0.0,22.4,60.8,0.0,0.25881904510252074,0.9659258262890683,-0.9749279121818236,-0.2225209339563146,32.13535357142858,13299.945962069049,0
PeaceLily,57.95,42.55466666666667,-0.4399999999999977,0.5162068965517244,0.0,22.3,60.3,39.49,0.8660254037844386,0.5000000000000001,-0.9749279121818236,-0.2225209339563146,29.91418965517243,13069.462455833902,0
PeaceLily,57.71,43.04354838709678,-0.240000000000002,0.49100000000000016,0.0,22.4,60.5,57.85,0.9659258262890683,-0.25881904510252063,-0.9749279121818236,-0.2225209339563146,28.33561000000001,12943.74417970564,0
PeaceLily,57.22,43.4865625,-0.490000000000002,0.45935483870967747,0.0,22.6,53.7,62.47,0.49999999999999994,-0.8660254037844387,-0.9749279121818236,-0.2225209339563146,26.284283870967744,12687.069365943771,0
PeaceLily,56.63,43.88484848484848,-0.5899999999999963,0.4265625000000002,0.0,22.7,53.2,58.46,-0.2588190451025208,-0.9659258262890683,-0.9749279121818236,-0.2225209339563146,24.15623437500001,12378.011937128462,0
PeaceLily,56.73,44.26264705882353,0.09999999999999432,0.4166666666666667,0.0,22.4,58.0,42.83,-0.8660254037844385,-0.5000000000000004,-0.9749279121818236,-0.2225209339563146,23.6375,12430.3945521819,0
PeaceLily,56.2,44.60371428571429,-0.529999999999994,0.3888235294117649,0.0,22.4,61.1,0.95,-0.9659258262890684,0.2588190451025203,-0.9749279121818236,-0.2225209339563146,21.85188235294119,12152.76669239866,0
PeaceLily,56.29,44.928333333333335,0.0899999999999963,0.38028571428571434,0.0,22.4,57.9,0.0,-0.5000000000000004,0.8660254037844384,-0.9749279121818236,-0.2225209339563146,21.40628285714286,12199.911045946756,0
PeaceLily,56.0,45.22756756756757,-0.28999999999999915,0.36166666666666675,0.0,22.1,54.4,0.0,0.25881904510252074,0.9659258262890683,-0.7818314824680299,0.6234898018587334,20.253333333333337,12048.001462291773,0
PeaceLily,56.0,45.51105263157895,0.0,0.35189189189189196,0.0,21.8,56.6,10.18,0.8660254037844386,0.5000000000000001,-0.7818314824680299,0.6234898018587334,19.70594594594595,12048.001462291773,0
PeaceLily,55.56,45.76871794871795,-0.4399999999999977,0.3310526315789475,0.0,21.9,57.5,57.39,0.9659258262890683,-0.25881904510252063,-0.7818314824680299,0.6234898018587334,18.393284210526325,11817.517956056627,0
PeaceLily,55.32,46.00750000000001,-0.240000000000002,0.3164102564102565,0.0,21.9,57.0,53.53,0.49999999999999994,-0.8660254037844387,-0.7818314824680299,0.6234898018587334,17.50381538461539,11691.799679928365,0
PeaceLily,54.73,46.22024390243903,-0.5900000000000034,0.29375,0.0,22.0,56.3,52.55,-0.2588190451025208,-0.9659258262890683,-0.7818314824680299,0.6234898018587334,16.0769375,11382.742251113052,0
PeaceLily,54.59,46.41952380952381,-0.13999999999999346,0.2831707317073172,0.0,21.9,57.3,38.29,-0.8660254037844385,-0.5000000000000004,-0.7818314824680299,0.6234898018587334,15.458290243902448,11309.406590038236,0
PeaceLily,54.83,46.61511627906977,0.23999999999999488,0.2821428571428572,0.0,21.8,58.4,0.0,-0.9659258262890684,0.2588190451025203,-0.7818314824680299,0.6234898018587334,15.46989285714286,11435.124866166494,0
PeaceLily,54.78,46.80068181818182,-0.04999999999999716,0.2744186046511629,0.0,21.8,61.3,0.0,-0.5000000000000004,0.8660254037844384,-0.7818314824680299,0.6234898018587334,15.032651162790705,11408.933558639776,0
PeaceLily,54.39,46.96933333333333,-0.39000000000000057,0.2593181818181819,0.0,21.8,60.2,0.0,0.25881904510252074,0.9659258262890683,0.0,1.0,14.104315909090912,11204.64135993135,0
PeaceLily,54.78,47.13913043478261,0.39000000000000057,0.2622222222222223,0.0,21.7,58.5,40.17,0.8660254037844386,0.5000000000000001,0.0,1.0,14.364533333333338,11408.933558639776,0
PeaceLily,54.63,47.29851063829788,-0.14999999999999858,0.25326086956521754,0.0,21.8,62.0,60.63,0.9659258262890683,-0.25881904510252063,0.0,1.0,13.835641304347835,11330.359636059611,0
PeaceLily,54.24,47.443125,-0.39000000000000057,0.2395744680851065,0.0,22.0,57.5,56.26,0.49999999999999994,-0.8660254037844387,0.0,1.0,12.994519148936176,11126.067437351187,0
PeaceLily,53.56,47.567959183673466,-0.6799999999999997,0.2204166666666668,0.0,22.2,55.7,55.34,-0.2588190451025208,-0.9659258262890683,0.0,1.0,11.805516666666673,10769.865654987778,0
PeaceLily,53.37,47.684,-0.19000000000000483,0.21204081632653063,0.0,22.2,59.9,25.52,-0.8660254037844385,-0.5000000000000004,0.0,1.0,11.316618367346939,10670.338686386234,0
PeaceLily,53.02,47.788627450980385,-0.3499999999999943,0.20080000000000012,0.0,22.1,61.5,0.0,-0.9659258262890684,0.2588190451025203,0.0,1.0,10.646416000000007,10486.999533699189,0
PeaceLily,53.02,47.889230769230764,0.0,0.19686274509803933,0.0,22.1,62.6,0.0,-0.5000000000000004,0.8660254037844384,0.0,1.0,10.437662745098047,10486.999533699189,0
PeaceLily,52.49,47.97603773584905,-0.5300000000000011,0.18288461538461548,0.0,22.2,59.1,1.64,-0.25881904510252157,0.9659258262890681,0.0,1.0,9.599613461538468,10209.371673915943,0
PeaceLily,51.9,48.048703703703694,-0.5900000000000034,0.16830188679245286,0.0,22.3,59.0,3.2,-0.25881904510252157,0.9659258262890681,0.0,1.0,8.734867924528304,9900.31424510063,0
PeaceLily,52.05,48.12145454545454,0.14999999999999858,0.16796296296296298,0.0,22.3,58.9,1.83,-0.25881904510252157,0.9659258262890681,0.0,1.0,8.742472222222222,9978.888167680792,0
PeaceLily,51.46,48.18107142857142,-0.5899999999999963,0.15418181818181825,0.0,21.9,59.4,0.0,0.49999999999999994,0.8660254037844387,0.7818314824680298,0.6234898018587336,7.934196363636367,9669.830738865485,0
PeaceLily,51.85,48.33946428571428,0.39000000000000057,0.16054545454545452,0.0,21.8,59.2,52.04,0.9659258262890683,0.25881904510252074,0.7818314824680298,0.6234898018587336,8.324281818181817,9874.12293757391,0
PeaceLily,51.12,48.484107142857134,-0.730000000000004,0.16490909090909092,0.0,21.7,56.8,16.09,0.8660254037844387,-0.4999999999999998,0.7818314824680298,0.6234898018587336,8.430152727272727,9491.729847683779,0
PeaceLily,45.71,48.549464285714286,-5.409999999999997,0.06745454545454548,0.0,21.9,53.8,51.97,-0.2588190451025208,-0.9659258262890683,0.7818314824680298,0.6234898018587336,3.083347272727274,6657.830373292541,0
PeaceLily,45.56,48.613035714285715,-0.14999999999999858,0.06200000000000007,0.0,21.7,57.2,0.0,-0.8660254037844386,0.5000000000000001,0.7818314824680298,0.6234898018587336,2.8247200000000032,6579.256450712378,0
PeaceLily,46.78,48.69571428571429,1.2199999999999989,0.08963636363636363,0.0,21.6,57.0,0.0,-0.25881904510252157,0.9659258262890681,0.7818314824680298,0.6234898018587336,4.19318909090909,7218.324354364376,0
PeaceLily,45.9,48.768035714285716,-0.8800000000000026,0.07799999999999999,0.0,21.4,54.9,0.0,0.49999999999999994,0.8660254037844387,0.9749279121818236,-0.22252093395631434,3.580199999999999,6757.3573418940805,0
PeaceLily,46.44,48.854285714285716,0.5399999999999991,0.09218181818181818,0.0,21.4,56.6,36.51,0.9659258262890683,0.25881904510252074,0.9749279121818236,-0.22252093395631434,4.280923636363636,7040.22346318267,0
Aglaonema,73.75,73.75,0.0,0.0,0.0,21.5,51.2,0.0,0.25881904510252074,0.9659258262890683,0.0,1.0,0.0,12901.816666666668,0
Aglaonema,73.6,73.675,-0.15000000000000568,-0.15000000000000568,0.0,21.4,50.4,0.0,0.7071067811865476,0.7071067811865476,0.0,1.0,-11.040000000000418,12781.816666666668,0
Aglaonema,72.15,73.16666666666667,-1.4499999999999886,-0.7999999999999972,0.0,21.2,50.8,0.0,0.9659258262890683,0.25881904510252074,0.0,1.0,-57.7199999999998,12661.816666666668,0
Aglaonema,72.65,73.0375,0.5,-0.36666666666666475,0.0,21.1,51.8,50.891,0.9659258262890683,-0.25881904510252063,0.0,1.0,-26.638333333333197,12541.816666666668,0
Aglaonema,71.95,72.82,-0.7000000000000028,-0.4499999999999993,0.0,21.2,51.6,54.286,0.7071067811865476,-0.7071067811865475,0.0,1.0,-32.37749999999995,12421.833333333334,0
Aglaonema,72.15,72.70833333333333,0.20000000000000284,-0.31999999999999884,0.0,21.4,48.4,60.488,0.258819045102521,-0.9659258262890682,0.0,1.0,-23.08799999999992,12301.833333333334,0
Aglaonema,70.4,72.37857142857142,-1.75,-0.5583333333333323,0.0,21.8,45.7,73.309,-0.2588190451025208,-0.9659258262890683,0.0,1.0,-39.3066666666666,12181.833333333334,0
Aglaonema,70.4,72.13125,0.0,-0.47857142857142776,0.0,21.9,45.4,63.858,-0.7071067811865471,-0.7071067811865479,0.0,1.0,-33.69142857142852,12061.833333333334,0
Aglaonema,71.35,72.04444444444444,0.9499999999999886,-0.3000000000000007,0.0,22.0,45.1,45.592,-0.9659258262890683,-0.25881904510252063,0.0,1.0,-21.405000000000047,11941.833333333334,0
Aglaonema,70.5,71.89,-0.8499999999999943,-0.3611111111111111,0.0,22.0,45.1,29.792,-0.9659258262890684,0.2588190451025203,0.0,1.0,-25.458333333333332,11821.85,0
Aglaonema,69.85,71.70454545454545,-0.6500000000000057,-0.39000000000000057,0.0,22.1,46.6,0.0,-0.7071067811865477,0.7071067811865474,0.0,1.0,-27.241500000000038,11701.85,0
Aglaonema,59.7,70.70416666666667,-10.149999999999991,-1.2772727272727271,0.0,21.8,50.7,0.0,-0.25881904510252157,0.9659258262890681,0.0,1.0,-76.25318181818182,11581.85,0
Aglaonema,57.7,69.70384615384616,-2.0,-1.3374999999999997,0.0,21.7,49.6,0.0,0.25881904510252074,0.9659258262890683,0.7818314824680298,0.6234898018587336,-77.17374999999998,11461.85,0
Aglaonema,54.4,68.6107142857143,-3.3000000000000043,-1.4884615384615385,0.0,21.6,49.9,0.0,0.7071067811865476,0.7071067811865476,0.7818314824680298,0.6234898018587336,-80.9723076923077,11341.85,0
Aglaonema,54.4,67.66333333333334,0.0,-1.3821428571428573,0.0,21.5,50.3,0.0,0.9659258262890683,0.25881904510252074,0.7818314824680298,0.6234898018587336,-75.18857142857144,11221.85,0
Aglaonema,54.35,66.83125,-0.04999999999999716,-1.2933333333333332,0.0,21.4,51.9,19.878,0.9659258262890683,-0.25881904510252063,0.7818314824680298,0.6234898018587336,-70.29266666666666,11101.866666666667,0
Aglaonema,55.2,66.1470588235294,0.8500000000000014,-1.1593749999999998,0.0,21.3,50.2,64.078,0.7071067811865476,-0.7071067811865475,0.7818314824680298,0.6234898018587336,-63.997499999999995,10981.866666666667,0
Aglaonema,54.95,65.525,-0.25,-1.1058823529411763,0.0,21.3,49.6,53.626,0.258819045102521,-0.9659258262890682,0.7818314824680298,0.6234898018587336,-60.768235294117645,10861.866666666667,0
Aglaonema,53.45,64.88947368421053,-1.5,-1.1277777777777775,0.0,21.7,48.2,67.033,-0.7071067811865471,-0.7071067811865479,0.7818314824680298,0.6234898018587336,-60.27972222222221,10596.633333333333,0
Aglaonema,51.65,64.2275,-1.8000000000000043,-1.1631578947368422,0.0,21.9,47.8,67.985,-0.9659258262890683,-0.25881904510252063,0.7818314824680298,0.6234898018587336,-60.0771052631579,10476.65,0
Aglaonema,52.5,63.669047619047625,0.8500000000000014,-1.0625,0.0,22.0,46.5,62.466,-0.9659258262890684,0.2588190451025203,0.7818314824680298,0.6234898018587336,-55.78125,10356.65,0
Aglaonema,52.05,63.1409090909091,-0.45000000000000284,-1.0333333333333334,0.0,21.9,46.8,0.0,-0.7071067811865477,0.7071067811865474,0.7818314824680298,0.6234898018587336,-53.785000000000004,10236.65,0
Aglaonema,52.5,62.67826086956522,0.45000000000000284,-0.9659090909090909,0.0,21.7,45.5,0.0,-0.25881904510252157,0.9659258262890681,0.7818314824680298,0.6234898018587336,-50.71022727272727,10116.65,0
Aglaonema,51.25,62.20208333333333,-1.25,-0.9782608695652174,0.0,21.9,45.5,0.0,0.25881904510252074,0.9659258262890683,0.9749279121818236,-0.22252093395631434,-50.13586956521739,9996.65,0
Aglaonema,52.05,61.79599999999999,0.7999999999999972,-0.9041666666666668,0.0,21.8,45.4,0.0,0.7071067811865476,0.7071067811865476,0.9749279121818236,-0.22252093395631434,-47.061875,9876.65,0
Aglaonema,52.0,61.419230769230765,-0.04999999999999716,-0.87,0.0,21.7,45.4,0.0,0.9659258262890683,0.25881904510252074,0.9749279121818236,-0.22252093395631434,-45.24,9756.666666666666,0
Aglaonema,51.05,61.03518518518518,-0.9500000000000028,-0.8730769230769232,0.0,21.6,43.9,52.063,0.9659258262890683,-0.25881904510252063,0.9749279121818236,-0.22252093395631434,-44.57057692307693,9636.666666666666,0
Aglaonema,51.75,60.70357142857142,0.7000000000000028,-0.8148148148148148,0.0,21.7,44.8,53.138,0.7071067811865476,-0.7071067811865475,0.9749279121818236,-0.22252093395631434,-42.166666666666664,9516.666666666666,0
Aglaonema,51.7,60.39310344827586,-0.04999999999999716,-0.7874999999999999,0.0,22.2,44.1,54.335,0.258819045102521,-0.9659258262890682,0.9749279121818236,-0.22252093395631434,-40.71375,9396.666666666666,0
Aglaonema,51.65,60.10166666666667,-0.05000000000000426,-0.7620689655172415,0.0,22.4,41.9,60.269,-0.2588190451025208,-0.9659258262890683,0.9749279121818236,-0.22252093395631434,-39.36086206896552,9276.683333333332,0
Aglaonema,49.25,59.751612903225805,-2.3999999999999986,-0.8166666666666667,0.0,22.6,40.2,67.253,-0.7071067811865471,-0.7071067811865479,0.9749279121818236,-0.22252093395631434,-40.22083333333333,9156.683333333332,0
Aglaonema,50.35,59.4578125,1.1000000000000014,-0.7548387096774193,0.0,22.8,39.2,73.846,-0.9659258262890683,-0.25881904510252063,0.9749279121818236,-0.22252093395631434,-38.00612903225806,9036.683333333332,0
Aglaonema,50.55,59.18787878787879,0.19999999999999574,-0.7250000000000001,0.0,22.8,38.2,66.252,-0.9659258262890684,0.2588190451025203,0.9749279121818236,-0.22252093395631434,-36.64875,8916.683333333332,0
Aglaonema,42.05,58.68382352941177,-8.5,-0.9606060606060607,0.0,22.6,42.5,0.0,0.0,1.0,0.43388373911755823,-0.900968867902419,-40.393484848484846,8626.066666666668,0
Aglaonema,43.35,58.245714285714286,1.3000000000000043,-0.8941176470588235,0.0,22.3,43.2,0.0,0.49999999999999994,0.8660254037844387,0.43388373911755823,-0.900968867902419,-38.76,8506.066666666668,0
Aglaonema,43.8,57.84444444444445,0.44999999999999574,-0.8557142857142858,0.0,22.0,43.7,0.0,0.8660254037844386,0.5000000000000001,0.43388373911755823,-0.900968867902419,-37.48028571428571,8386.083333333334,0
Aglaonema,43.5,57.45675675675676,-0.29999999999999716,-0.8402777777777778,0.0,21.7,45.2,28.889,1.0,6.123233995736766e-17,0.43388373911755823,-0.900968867902419,-36.552083333333336,8266.083333333334,0
Aglaonema,43.75,57.09605263157895,0.25,-0.8108108108108109,0.0,21.5,45.1,74.579,0.8660254037844387,-0.4999999999999998,0.43388373911755823,-0.900968867902419,-35.472972972972975,8146.083333333333,0
Aglaonema,44.4,56.77051282051283,0.6499999999999986,-0.7723684210526316,0.0,21.3,46.1,52.259,0.49999999999999994,-0.8660254037844387,0.43388373911755823,-0.900968867902419,-34.293157894736844,8026.083333333333,0
Aglaonema,44.15,56.455000000000005,-0.25,-0.758974358974359,0.0,21.5,47.8,58.999,1.2246467991473532e-16,-1.0,0.43388373911755823,-0.900968867902419,-33.50871794871795,7906.083333333333,0
Aglaonema,42.95,56.12560975609756,-1.1999999999999957,-0.7699999999999999,0.0,22.0,45.9,63.59,-0.4999999999999997,-0.8660254037844388,0.43388373911755823,-0.900968867902419,-33.0715,7786.083333333333,0
Aglaonema,43.05,55.814285714285724,0.09999999999999432,-0.7487804878048782,0.0,22.5,43.5,71.111,-0.8660254037844385,-0.5000000000000004,0.43388373911755823,-0.900968867902419,-32.235,7666.083333333333,0
Aglaonema,44.0,55.53953488372094,0.9500000000000028,-0.7083333333333334,0.0,22.4,38.5,77.363,-1.0,-1.8369701987210297e-16,0.43388373911755823,-0.900968867902419,-31.166666666666668,7546.1,0
Aglaonema,46.35,55.33068181818182,2.3500000000000014,-0.6372093023255814,0.0,22.8,42.1,18.242,-0.8660254037844386,0.5000000000000001,0.43388373911755823,-0.900968867902419,-29.5346511627907,7426.1,0
Aglaonema,44.8,55.09666666666668,-1.5500000000000043,-0.6579545454545456,0.0,22.4,43.2,0.0,-0.5000000000000004,0.8660254037844384,0.43388373911755823,-0.900968867902419,-29.47636363636364,7306.1,0
Aglaonema,45.6,54.890217391304354,0.8000000000000043,-0.6255555555555555,0.0,22.0,46.2,0.0,0.0,1.0,-0.433883739117558,-0.9009688679024191,-28.525333333333332,7186.1,0
Aglaonema,45.95,54.7,0.3500000000000014,-0.6043478260869565,0.0,21.7,48.0,0.0,0.49999999999999994,0.8660254037844387,-0.433883739117558,-0.9009688679024191,-27.769782608695653,7066.1,0
Aglaonema,47.05,54.540625,1.0999999999999943,-0.5680851063829788,0.0,21.5,48.6,0.0,0.8660254037844386,0.5000000000000001,-0.433883739117558,-0.9009688679024191,-26.728404255319152,6946.1,0
Aglaonema,46.45,54.37551020408163,-0.5999999999999943,-0.56875,0.0,21.3,49.0,3.565,1.0,6.123233995736766e-17,-0.433883739117558,-0.9009688679024191,-26.4184375,6826.116666666667,0
Aglaonema,45.55,54.199,-0.9000000000000057,-0.5755102040816327,0.0,21.3,48.5,61.026,0.8660254037844387,-0.4999999999999998,-0.433883739117558,-0.9009688679024191,-26.214489795918368,6706.116666666667,0
Aglaonema,46.25,54.04313725490196,0.7000000000000028,-0.55,0.0,21.5,49.2,56.825,0.49999999999999994,-0.8660254037844387,-0.433883739117558,-0.9009688679024191,-25.437500000000004,6586.116666666667,0
Aglaonema,46.3,53.89423076923077,0.04999999999999716,-0.5382352941176471,0.0,21.8,48.7,57.265,1.2246467991473532e-16,-1.0,-0.433883739117558,-0.9009688679024191,-24.92029411764706,6466.116666666667,0
Aglaonema,44.15,53.71037735849057,-2.1499999999999986,-0.5692307692307692,0.0,22.1,49.4,62.491,-0.4999999999999997,-0.8660254037844388,-0.433883739117558,-0.9009688679024191,-25.131538461538458,6346.133333333333,0
Aglaonema,49.75,53.63703703703704,5.600000000000001,-0.4528301886792453,0.0,22.4,51.5,71.013,-0.8660254037844385,-0.5000000000000004,-0.433883739117558,-0.9009688679024191,-22.528301886792452,6226.133333333333,0
Aglaonema,45.55,53.49,-4.200000000000003,-0.5222222222222223,0.0,22.8,46.7,77.143,-1.0,-1.8369701987210297e-16,-0.433883739117558,-0.9009688679024191,-23.787222222222223,6106.133333333333,0
Aglaonema,48.05,53.392857142857146,2.5,-0.46727272727272734,0.0,22.4,47.3,21.807,-0.8660254037844386,0.5000000000000001,-0.433883739117558,-0.9009688679024191,-22.452454545454547,5986.133333333333,0
Aglaonema,46.65,52.908928571428575,-1.3999999999999986,-0.48999999999999994,0.0,22.4,50.7,0.0,-0.5000000000000004,0.8660254037844384,-0.433883739117558,-0.9009688679024191,-22.858499999999996,5866.133333333333,0
Aglaonema,44.8,52.39464285714286,-1.8500000000000014,-0.4972727272727274,0.0,22.2,47.9,0.0,0.0,1.0,-0.9749279121818236,-0.2225209339563146,-22.277818181818187,5746.133333333333,0
Aglaonema,45.4,51.916964285714286,0.6000000000000014,-0.4954545454545456,0.0,21.9,47.7,0.0,0.49999999999999994,0.8660254037844387,-0.9749279121818236,-0.2225209339563146,-22.49363636363637,5626.15,0
Aglaonema,45.05,51.424107142857146,-0.3500000000000014,-0.4890909090909092,0.0,21.6,47.7,0.0,0.8660254037844386,0.5000000000000001,-0.9749279121818236,-0.2225209339563146,-22.033545454545457,5506.15,0
Aglaonema,44.55,50.934821428571425,-0.5,-0.5018181818181819,0.0,21.4,48.0,10.818,1.0,6.123233995736766e-17,-0.9749279121818236,-0.2225209339563146,-22.356000000000005,5386.15,0
Aglaonema,43.85,50.42946428571429,-0.6999999999999957,-0.4827272727272728,0.0,21.2,47.9,58.046,0.8660254037844387,-0.4999999999999998,-0.9749279121818236,-0.2225209339563146,-21.16759090909091,5266.15,0
Aglaonema,43.3,49.94553571428571,-0.5500000000000043,-0.4927272727272729,0.0,21.5,48.6,58.193,0.49999999999999994,-0.8660254037844387,-0.9749279121818236,-0.2225209339563146,-21.335090909090916,5146.15,0
Aglaonema,44.0,49.474107142857136,0.7000000000000028,-0.49727272727272714,0.0,21.6,47.3,58.559,1.2246467991473532e-16,-1.0,-0.9749279121818236,-0.2225209339563146,-21.879999999999995,5026.15,0
Aglaonema,43.9,48.98392857142857,-0.10000000000000142,-0.48363636363636364,0.0,21.7,46.6,64.713,-0.4999999999999997,-0.8660254037844388,-0.9749279121818236,-0.2225209339563146,-21.231636363636362,4906.166666666667,0
Aglaonema,42.95,48.49196428571429,-0.9499999999999957,-0.4890909090909089,0.0,22.0,43.7,71.502,-0.8660254037844385,-0.5000000000000004,-0.9749279121818236,-0.2225209339563146,-21.006454545454538,4786.166666666667,0
Aglaonema,41.25,47.981249999999996,-1.7000000000000028,-0.3354545454545455,0.0,22.2,42.1,77.289,-1.0,-1.8369701987210297e-16,-0.9749279121818236,-0.2225209339563146,-13.837500000000002,4666.166666666667,0
Aglaonema,44.65,47.71249999999999,3.3999999999999986,-0.23727272727272736,0.0,22.0,41.3,18.632,-0.8660254037844386,0.5000000000000001,-0.9749279121818236,-0.2225209339563146,-10.594227272727275,4546.166666666667,0
Aglaonema,43.8,47.464285714285715,-0.8500000000000014,-0.19272727272727275,0.0,22.1,43.6,21.026,-0.5000000000000004,0.8660254037844384,-0.9749279121818236,-0.2225209339563146,-8.441454545454546,4426.166666666667,0
Aglaonema,43.45,47.26875,-0.3499999999999943,-0.199090909090909,0.0,22.0,46.4,0.0,0.0,1.0,-0.7818314824680299,0.6234898018587334,-8.650499999999997,4306.183333333333,0
Aglaonema,44.45,47.091071428571425,1.0,-0.17999999999999997,0.0,21.8,47.4,0.0,0.49999999999999994,0.8660254037844387,-0.7818314824680299,0.6234898018587334,-8.001,4186.183333333333,0
Aglaonema,43.75,46.901785714285715,-0.7000000000000028,-0.20818181818181825,0.0,21.6,47.9,0.0,0.8660254037844386,0.5000000000000001,-0.7818314824680299,0.6234898018587334,-9.107954545454549,4066.1833333333334,0
Aglaonema,44.8,46.71607142857143,1.0499999999999972,-0.18454545454545465,0.0,21.5,47.9,35.409,1.0,6.123233995736766e-17,-0.7818314824680299,0.6234898018587334,-8.267636363636369,3946.1833333333334,0
Aglaonema,43.75,46.51607142857142,-1.0499999999999972,-0.17636363636363642,0.0,21.3,48.3,65.128,0.8660254037844387,-0.4999999999999998,-0.7818314824680299,0.6234898018587334,-7.7159090909090935,3826.1833333333334,0
Aglaonema,41.15,46.29642857142857,-2.6000000000000014,-0.19090909090909092,0.0,21.5,48.0,62.173,0.49999999999999994,-0.8660254037844387,-0.7818314824680299,0.6234898018587334,-7.855909090909091,3706.1833333333334,0
Aglaonema,45.75,46.191071428571426,4.600000000000001,-0.12272727272727273,0.0,21.8,48.7,56.996,1.2246467991473532e-16,-1.0,-0.7818314824680299,0.6234898018587334,-5.614772727272727,3586.2,0
Aglaonema,43.5,46.03035714285714,-2.25,-0.1554545454545454,0.0,22.1,47.8,63.687,-0.4999999999999997,-0.8660254037844388,-0.7818314824680299,0.6234898018587334,-6.762272727272725,3466.2,0
Aglaonema,42.4,45.85803571428572,-1.1000000000000014,-0.18363636363636365,0.0,22.4,46.9,73.138,-0.8660254037844385,-0.5000000000000004,-0.7818314824680299,0.6234898018587334,-7.786181818181818,3346.2,0
Aglaonema,43.25,45.69285714285714,0.8500000000000014,-0.14545454545454545,0.0,23.1,43.2,78.022,-1.0,-1.8369701987210297e-16,-0.7818314824680299,0.6234898018587334,-6.290909090909091,3226.2,0
Aglaonema,41.95,45.526785714285715,-1.2999999999999972,-0.18363636363636354,0.0,23.3,45.2,18.755,-0.8660254037844386,0.5000000000000001,-0.7818314824680299,0.6234898018587334,-7.703545454545451,3106.2,0
Aglaonema,42.3,45.35267857142857,0.3499999999999943,-0.17636363636363642,0.0,22.6,44.9,0.0,-0.5000000000000004,0.8660254037844384,-0.7818314824680299,0.6234898018587334,-7.46018181818182,2986.2,0
Aglaonema,41.45,45.16428571428571,-0.8499999999999943,-0.17454545454545445,0.0,22.8,51.0,0.0,0.0,1.0,0.0,1.0,-7.234909090909087,2866.2166666666667,0
Aglaonema,42.35,45.00892857142857,0.8999999999999986,-0.17090909090909087,0.0,22.3,45.3,0.0,0.49999999999999994,0.8660254037844387,0.0,1.0,-7.237999999999999,2746.2166666666667,0
Aglaonema,43.1,44.85446428571429,0.75,-0.1563636363636364,0.0,22.0,46.1,0.0,0.8660254037844386,0.5000000000000001,0.0,1.0,-6.739272727272729,2626.2166666666667,0
Aglaonema,43.15,44.70178571428572,0.04999999999999716,-0.15454545454545454,0.0,21.7,45.7,41.197,1.0,6.123233995736766e-17,0.0,1.0,-6.668636363636363,2506.2166666666667,0
Aglaonema,42.4,44.53660714285714,-0.75,-0.12454545454545457,0.0,21.6,46.6,67.204,0.8660254037844387,-0.4999999999999998,0.0,1.0,-5.280727272727273,2386.233333333333,0
Aglaonema,41.1,44.39107142857143,-1.2999999999999972,-0.16818181818181818,0.0,21.6,47.2,69.28,0.49999999999999994,-0.8660254037844387,0.0,1.0,-6.912272727272727,2266.233333333333,0
Aglaonema,42.25,44.246428571428574,1.1499999999999986,-0.15090909090909085,0.0,21.9,46.2,63.687,1.2246467991473532e-16,-1.0,0.0,1.0,-6.375909090909088,2146.233333333333,0
Aglaonema,42.05,44.09464285714286,-0.20000000000000284,0.0,0.0,22.2,42.4,72.308,-0.4999999999999997,-0.8660254037844388,0.0,1.0,0.0,2026.2333333333333,0
Aglaonema,41.05,44.07678571428572,-1.0,-0.04181818181818189,0.0,23.0,41.7,71.722,-0.8660254037844385,-0.5000000000000004,0.0,1.0,-1.7166363636363666,1906.2333333333333,0
Aglaonema,40.8,44.03125,-0.25,-0.05454545454545454,0.0,23.3,42.9,54.969,-1.0,-1.8369701987210297e-16,0.0,1.0,-2.225454545454545,1786.2333333333333,0
Aglaonema,42.4,44.00625,1.6000000000000014,-0.020000000000000025,0.0,23.1,42.2,0.0,0.0,1.0,0.7818314824680298,0.6234898018587336,-0.848000000000001,1439.9666666666667,0
Aglaonema,41.45,43.96964285714286,-0.9499999999999957,-0.04181818181818177,0.0,22.4,44.3,0.0,0.49999999999999994,0.8660254037844387,0.7818314824680298,0.6234898018587336,-1.7333636363636344,1319.9666666666667,0
Aglaonema,41.3,43.925892857142856,-0.15000000000000568,-0.05636363636363639,0.0,22.0,45.4,0.0,0.8660254037844386,0.5000000000000001,0.7818314824680298,0.6234898018587336,-2.3278181818181825,1199.9833333333333,0
Aglaonema,42.4,43.89017857142857,1.1000000000000014,-0.031818181818181815,0.0,21.7,45.6,20.488,1.0,6.123233995736766e-17,0.7818314824680298,0.6234898018587336,-1.349090909090909,1079.9833333333333,0
Aglaonema,41.6,43.84464285714286,-0.7999999999999972,-0.02454545454545457,0.0,21.5,46.2,57.436,0.8660254037844387,-0.4999999999999998,0.7818314824680298,0.6234898018587336,-1.0210909090909102,959.9833333333333,0
Aglaonema,40.95,43.808928571428574,-0.6499999999999986,-0.03818181818181808,0.0,21.3,45.2,55.897,0.49999999999999994,-0.8660254037844387,0.7818314824680298,0.6234898018587336,-1.5635454545454506,839.9833333333333,0
Aglaonema,41.15,43.77499999999999,0.19999999999999574,-0.05181818181818185,0.0,21.9,44.7,59.951,1.2246467991473532e-16,-1.0,0.7818314824680298,0.6234898018587336,-2.132318181818183,719.9833333333333,0
Aglaonema,40.8,43.71785714285714,-0.3500000000000014,-0.10090909090909099,0.0,22.0,41.3,66.203,-0.4999999999999997,-0.8660254037844388,0.7818314824680298,0.6234898018587336,-4.117090909090912,599.9833333333333,0
Aglaonema,39.95,43.603571428571435,-0.8499999999999943,-0.08818181818181808,0.0,21.9,39.2,72.576,-0.8660254037844385,-0.5000000000000004,0.7818314824680298,0.6234898018587336,-3.5228636363636325,480.0,0
Aglaonema,39.05,43.50089285714286,-0.9000000000000057,-0.11909090909090916,0.0,22.1,38.5,76.361,-1.0,-1.8369701987210297e-16,0.7818314824680298,0.6234898018587336,-4.650500000000003,360.0,0
Aglaonema,39.95,43.4,0.9000000000000057,-0.10909090909090909,0.0,22.0,39.0,48.181,-0.8660254037844386,0.5000000000000001,0.7818314824680298,0.6234898018587336,-4.358181818181818,240.0,0
Aglaonema,41.6,43.322321428571435,1.6499999999999986,-0.09909090909090901,0.0,22.4,41.5,18.413,-0.5000000000000004,0.8660254037844384,0.7818314824680298,0.6234898018587336,-4.122181818181815,120.0,0
Aglaonema,52.05,43.41160714285714,10.449999999999996,0.10181818181818171,0.0,22.1,41.2,0.0,0.0,1.0,0.9749279121818236,-0.22252093395631434,5.299636363636358,12599.683333333332,0
Aglaonema,50.15,43.47767857142857,-1.8999999999999986,0.08363636363636366,0.0,21.9,43.6,0.0,0.49999999999999994,0.8660254037844387,0.9749279121818236,-0.22252093395631434,4.194363636363637,12479.7,0
Aglaonema,51.45,43.583035714285714,1.3000000000000043,0.0945454545454546,0.0,21.7,42.8,0.0,0.8660254037844386,0.5000000000000001,0.9749279121818236,-0.22252093395631434,4.864363636363639,12359.7,0
Aglaonema,49.45,43.64017857142857,-2.0,0.05727272727272738,0.0,21.4,42.9,22.808,1.0,6.123233995736766e-17,0.9749279121818236,-0.22252093395631434,2.832136363636369,12239.7,0
Aglaonema,47.2,43.65625,-2.25,0.055454545454545534,0.0,21.3,42.6,49.011,0.8660254037844387,-0.4999999999999998,0.9749279121818236,-0.22252093395631434,2.6174545454545495,12119.7,0
Aglaonema,46.55,43.69910714285714,-0.6500000000000057,-0.05818181818181823,0.0,21.3,44.5,50.574,0.49999999999999994,-0.8660254037844387,0.9749279121818236,-0.22252093395631434,-2.7083636363636385,11999.7,0
Aglaonema,48.05,43.668749999999996,1.5,0.045454545454545456,0.0,21.5,42.9,40.879,1.2246467991473532e-16,-1.0,0.9749279121818236,-0.22252093395631434,2.184090909090909,11879.7,0
Aglaonema,50.05,43.74910714285714,2.0,0.03636363636363636,0.0,21.8,43.9,54.579,-0.4999999999999997,-0.8660254037844388,0.9749279121818236,-0.22252093395631434,1.8199999999999998,11759.716666666667,0
Aglaonema,42.4,43.64821428571428,-7.649999999999999,-0.07727272727272727,0.0,22.2,37.7,68.498,-0.8660254037844385,-0.5000000000000004,0.9749279121818236,-0.22252093395631434,-3.2763636363636364,11639.716666666667,0
Aglaonema,47.65,43.66607142857142,5.25,0.05181818181818185,0.0,22.3,38.7,75.775,-1.0,-1.8369701987210297e-16,0.9749279121818236,-0.22252093395631434,2.469136363636365,11519.716666666667,0
Aglaonema,44.15,43.65446428571429,-3.5,-0.022727272727272728,0.0,22.3,38.6,43.541,-0.8660254037844386,0.5000000000000001,0.9749279121818236,-0.22252093395631434,-1.003409090909091,11399.716666666667,0
Aglaonema,41.15,43.57857142857142,-3.0,-0.07090909090909088,0.0,22.0,36.8,19.902,-0.5000000000000004,0.8660254037844384,0.9749279121818236,-0.22252093395631434,-2.9179090909090895,11279.716666666667,0
Aglaonema,41.0,43.50625,-0.14999999999999858,-0.06454545454545449,0.0,21.8,38.9,0.0,0.0,1.0,0.43388373911755823,-0.900968867902419,-2.6463636363636343,11159.716666666667,0
Aglaonema,42.95,43.47767857142857,1.9500000000000028,-0.016363636363636337,0.0,21.5,38.6,0.0,0.49999999999999994,0.8660254037844387,0.43388373911755823,-0.900968867902419,-0.7028181818181807,11039.733333333334,0
Aglaonema,42.4,43.45178571428572,-0.5500000000000043,-0.016363636363636337,0.0,21.2,39.3,0.0,0.8660254037844386,0.5000000000000001,0.43388373911755823,-0.900968867902419,-0.6938181818181807,10919.733333333334,0
Aglaonema,42.7,43.441071428571426,0.30000000000000426,-0.023636363636363584,0.0,20.8,39.4,21.929,1.0,6.123233995736766e-17,0.43388373911755823,-0.900968867902419,-1.009272727272725,10799.733333333334,0
Aglaonema,40.95,43.386607142857144,-1.75,-0.05363636363636356,0.0,20.6,38.9,48.034,0.8660254037844387,-0.4999999999999998,0.43388373911755823,-0.900968867902419,-2.196409090909088,10679.733333333334,0
Aglaonema,39.45,43.30714285714286,-1.5,-0.06363636363636363,0.0,20.5,40.0,48.84,0.49999999999999994,-0.8660254037844387,0.43388373911755823,-0.900968867902419,-2.5104545454545453,10559.75,0
Aglaonema,41.8,43.28660714285714,2.3499999999999943,0.009999999999999948,0.0,20.8,36.1,55.409,1.2246467991473532e-16,-1.0,0.43388373911755823,-0.900968867902419,0.4179999999999978,10439.75,0
Aglaonema,38.3,43.23392857142857,-3.5,-0.11545454545454548,0.0,21.4,33.9,61.49,-0.4999999999999997,-0.8660254037844388,0.43388373911755823,-0.900968867902419,-4.421909090909091,10319.75,0
Aglaonema,40.05,43.151785714285715,1.75,-0.06818181818181818,0.0,21.9,34.8,69.231,-0.8660254037844385,-0.5000000000000004,0.43388373911755823,-0.900968867902419,-2.730681818181818,10199.75,0
Aglaonema,38.4,43.05535714285714,-1.6499999999999986,-0.0918181818181819,0.0,22.2,35.8,75.873,-1.0,-1.8369701987210297e-16,0.43388373911755823,-0.900968867902419,-3.5258181818181846,10079.75,0
Aglaonema,38.95,42.97500000000001,0.5500000000000043,-0.1,0.0,22.4,37.4,51.575,-0.8660254037844386,0.5000000000000001,0.43388373911755823,-0.900968867902419,-3.8950000000000005,9959.75,0
Aglaonema,40.15,42.89821428571428,1.1999999999999957,-0.06545454545454547,0.0,22.5,38.8,0.0,-0.5000000000000004,0.8660254037844384,0.43388373911755823,-0.900968867902419,-2.6280000000000006,9839.766666666666,0
Aglaonema,38.2,42.799107142857146,-1.9499999999999957,-0.1199999999999999,0.0,22.1,40.1,0.0,0.0,1.0,-0.433883739117558,-0.9009688679024191,-4.583999999999996,9719.766666666666,0
Aglaonema,38.35,42.683928571428574,0.14999999999999858,-0.09818181818181816,0.0,21.8,41.4,0.0,0.49999999999999994,0.8660254037844387,-0.433883739117558,-0.9009688679024191,-3.7652727272727264,9599.766666666666,0
Aglaonema,39.55,42.60892857142858,1.1999999999999957,-0.029090909090909115,0.0,21.5,41.7,0.0,0.8660254037844386,0.5000000000000001,-0.433883739117558,-0.9009688679024191,-1.1505454545454554,9479.766666666666,0
Aglaonema,39.35,42.57678571428572,-0.19999999999999574,-0.11636363636363634,0.0,21.3,42.4,24.225,1.0,6.123233995736766e-17,-0.433883739117558,-0.9009688679024191,-4.57890909090909,9359.766666666666,0
Aglaonema,38.45,42.44642857142857,-0.8999999999999986,-0.09181818181818177,0.0,21.1,43.1,47.277,0.8660254037844387,-0.4999999999999998,-0.433883739117558,-0.9009688679024191,-3.5304090909090893,9239.766666666666,0
Aglaonema,38.5,42.357142857142854,0.04999999999999716,-0.07090909090909088,0.0,21.1,41.2,48.62,0.49999999999999994,-0.8660254037844387,-0.433883739117558,-0.9009688679024191,-2.729999999999999,9119.783333333333,0
Aglaonema,37.6,42.27142857142858,-0.8999999999999986,-0.1027272727272727,0.0,21.4,40.1,54.066,1.2246467991473532e-16,-1.0,-0.433883739117558,-0.9009688679024191,-3.8625454545454536,8999.783333333333,0
Aglaonema,39.15,42.19821428571429,1.5499999999999972,-0.05090909090909099,0.0,21.8,40.5,61.563,-0.4999999999999997,-0.8660254037844388,-0.433883739117558,-0.9009688679024191,-1.9930909090909121,8879.783333333333,0
Aglaonema,39.05,42.146428571428565,-0.10000000000000142,-0.05909090909090909,0.0,22.1,39.9,69.426,-0.8660254037844385,-0.5000000000000004,-0.433883739117558,-0.9009688679024191,-2.3074999999999997,8759.783333333333,0
Aglaonema,38.4,42.07678571428572,-0.6499999999999986,-0.055454545454545534,0.0,23.2,38.1,76.313,-1.0,-1.8369701987210297e-16,-0.433883739117558,-0.9009688679024191,-2.1294545454545486,8639.783333333333,0
Aglaonema,37.6,42.00803571428571,-0.7999999999999972,-0.08636363636363636,0.0,23.9,38.8,50.745,-0.8660254037844386,0.5000000000000001,-0.433883739117558,-0.9009688679024191,-3.2472727272727275,8519.8,0
Aglaonema,37.6,41.92321428571428,0.0,-0.1,0.0,24.0,42.2,0.391,-0.5000000000000004,0.8660254037844384,-0.433883739117558,-0.9009688679024191,-3.7600000000000002,8399.8,0
Aglaonema,36.75,41.809821428571425,-0.8500000000000014,-0.11636363636363634,0.0,23.6,42.4,0.0,0.0,1.0,-0.9749279121818236,-0.2225209339563146,-4.2763636363636355,8279.8,0
Aglaonema,37.8,41.714285714285715,1.0499999999999972,-0.08363636363636366,0.0,23.1,42.9,0.0,0.49999999999999994,0.8660254037844387,-0.9749279121818236,-0.2225209339563146,-3.161454545454546,8159.8,0
Aglaonema,38.9,41.651785714285715,1.1000000000000014,-0.04000000000000005,0.0,22.7,43.6,0.0,0.8660254037844386,0.5000000000000001,-0.9749279121818236,-0.2225209339563146,-1.5560000000000018,8039.8,0
Aglaonema,40.1,41.63392857142857,1.2000000000000028,-0.039090909090909065,0.0,22.3,44.3,31.013,1.0,6.123233995736766e-17,-0.9749279121818236,-0.2225209339563146,-1.5675454545454535,7919.8,0
Aglaonema,38.55,41.56785714285714,-1.5500000000000043,-0.06363636363636363,0.0,22.2,44.4,22.637,0.8660254037844387,-0.4999999999999998,-0.9749279121818236,-0.2225209339563146,-2.4531818181818177,7799.816666666667,0
Aglaonema,36.85,41.47500000000001,-1.6999999999999957,-0.07636363636363629,0.0,22.2,48.5,59.048,0.49999999999999994,-0.8660254037844387,-0.9749279121818236,-0.2225209339563146,-2.8139999999999974,7679.816666666667,0
Aglaonema,37.75,41.416071428571435,0.8999999999999986,-0.0554545454545454,0.0,22.4,51.6,63.541,1.2246467991473532e-16,-1.0,-0.9749279121818236,-0.2225209339563146,-2.093409090909089,7559.816666666667,0
Aglaonema,35.2,41.31607142857143,-2.549999999999997,-0.13090909090909084,0.0,23.1,52.7,71.453,-0.4999999999999997,-0.8660254037844388,-0.9749279121818236,-0.2225209339563146,-4.607999999999998,7439.816666666667,0
Aglaonema,36.55,41.21160714285715,1.3499999999999943,-0.08909090909090919,0.0,23.6,54.0,60.244,-0.8660254037844385,-0.5000000000000004,-0.9749279121818236,-0.2225209339563146,-3.2562727272727305,7319.816666666667,0
Aglaonema,36.2,41.11785714285714,-0.3499999999999943,-0.09272727272727263,0.0,23.8,52.2,67.692,-1.0,-1.8369701987210297e-16,-0.9749279121818236,-0.2225209339563146,-3.3567272727272695,7199.816666666667,0
Aglaonema,38.55,41.06875000000001,2.3499999999999943,-0.07000000000000002,0.0,23.7,58.7,30.867,-0.8660254037844386,0.5000000000000001,-0.9749279121818236,-0.2225209339563146,-2.6985000000000006,7079.833333333333,0
Aglaonema,39.1,41.009821428571435,0.5500000000000043,-0.045454545454545456,0.0,23.5,58.8,0.0,-0.5000000000000004,0.8660254037844384,-0.9749279121818236,-0.2225209339563146,-1.7772727272727273,6959.833333333333,0
Aglaonema,38.95,40.96249999999999,-0.14999999999999858,-0.03636363636363636,0.0,23.1,61.0,0.0,0.0,1.0,-0.7818314824680299,0.6234898018587334,-1.4163636363636365,6839.833333333333,0
Aglaonema,37.2,40.89553571428571,-1.75,-0.07181818181818174,0.0,23.1,60.7,0.0,0.49999999999999994,0.8660254037844387,-0.7818314824680299,0.6234898018587334,-2.671636363636361,6719.833333333333,0
Aglaonema,39.05,40.85803571428572,1.8499999999999943,-0.031818181818181815,0.0,23.0,59.9,0.0,0.8660254037844386,0.5000000000000001,-0.7818314824680299,0.6234898018587334,-1.2424999999999997,6599.85,0
Aglaonema,38.45,40.816071428571426,-0.5999999999999943,-0.02727272727272727,0.0,22.9,60.4,8.498,1.0,6.123233995736766e-17,-0.7818314824680299,0.6234898018587334,-1.0486363636363636,6479.85,0
Aglaonema,37.75,40.776785714285715,-0.7000000000000028,-0.023636363636363584,0.0,22.8,60.4,66.838,0.8660254037844387,-0.4999999999999998,-0.7818314824680299,0.6234898018587334,-0.8922727272727253,6359.85,0
Aglaonema,38.35,40.76428571428572,0.6000000000000014,-0.029090909090909115,0.0,22.8,63.4,58.071,0.49999999999999994,-0.8660254037844387,-0.7818314824680299,0.6234898018587334,-1.1156363636363646,6239.85,0
Aglaonema,39.55,40.75714285714286,1.1999999999999957,-0.03727272727272735,0.0,23.1,62.4,55.507,1.2246467991473532e-16,-1.0,-0.7818314824680299,0.6234898018587334,-1.4741363636363667,6119.85,0
Aglaonema,37.9,40.691071428571426,-1.6499999999999986,-0.25727272727272726,0.0,23.5,63.5,48.913,-0.4999999999999997,-0.8660254037844388,-0.7818314824680299,0.6234898018587334,-9.750636363636364,5999.85,0
Aglaonema,38.35,40.44642857142857,0.45000000000000284,-0.21454545454545448,0.0,23.2,64.3,48.376,-0.8660254037844385,-0.5000000000000004,-0.7818314824680299,0.6234898018587334,-8.22781818181818,5879.866666666667,0
Aglaonema,37.85,40.22678571428571,-0.5,-0.2472727272727273,0.0,23.0,63.7,72.454,-1.0,-1.8369701987210297e-16,-0.7818314824680299,0.6234898018587334,-9.35927272727273,5759.866666666667,0
Aglaonema,36.95,39.96785714285714,-0.8999999999999986,-0.22727272727272727,0.0,23.1,62.7,17.705,-0.8660254037844386,0.5000000000000001,-0.7818314824680299,0.6234898018587334,-8.397727272727273,5639.866666666667,0
Aglaonema,37.45,39.753571428571426,0.5,-0.17727272727272728,0.0,23.3,61.4,0.317,-0.5000000000000004,0.8660254037844384,-0.7818314824680299,0.6234898018587334,-6.638863636363637,5519.866666666667,0
Aglaonema,38.4,39.59642857142857,0.9499999999999957,-0.14818181818181816,0.0,23.1,61.1,0.0,0.0,1.0,0.0,1.0,-5.690181818181817,5399.866666666667,0
Aglaonema,38.5,39.452678571428564,0.10000000000000142,-0.1736363636363636,0.0,22.8,60.8,0.0,0.49999999999999994,0.8660254037844387,0.0,1.0,-6.684999999999998,5279.866666666667,0
Aglaonema,37.9,39.271428571428565,-0.6000000000000014,-0.2209090909090909,0.0,22.7,61.1,0.0,0.8660254037844386,0.5000000000000001,0.0,1.0,-8.372454545454545,5159.883333333333,0
Aglaonema,36.95,39.03749999999999,-0.9499999999999957,-0.09909090909090901,0.0,22.5,61.4,6.911,1.0,6.123233995736766e-17,0.0,1.0,-3.661409090909088,5039.883333333333,0
Aglaonema,38.3,38.96428571428571,1.3499999999999943,-0.17,0.0,22.4,62.1,51.722,0.8660254037844387,-0.4999999999999998,0.0,1.0,-6.511,4919.883333333333,0
Aglaonema,36.6,38.76696428571428,-1.6999999999999957,-0.1372727272727272,0.0,22.5,62.9,59.365,0.49999999999999994,-0.8660254037844387,0.0,1.0,-5.024181818181816,4799.883333333333,0
Aglaonema,37.95,38.65625,1.3500000000000014,-0.058181818181818105,0.0,22.7,65.2,67.375,1.2246467991473532e-16,-1.0,0.0,1.0,-2.207999999999997,4679.883333333333,0
Aglaonema,36.9,38.58035714285713,-1.0500000000000043,-0.07454545454545457,0.0,22.9,62.3,61.905,-0.4999999999999997,-0.8660254037844388,0.0,1.0,-2.7507272727272736,4559.883333333333,0
Aglaonema,36.75,38.504464285714285,-0.14999999999999858,-0.11272727272727277,0.0,23.5,60.7,66.471,-0.8660254037844385,-0.5000000000000004,0.0,1.0,-4.142727272727274,4439.9,0
Aglaonema,36.1,38.38214285714285,-0.6499999999999986,-0.11454545454545449,0.0,23.7,63.1,38.364,-1.0,-1.8369701987210297e-16,0.0,1.0,-4.135090909090907,4319.9,0
Aglaonema,38.15,38.30625,2.049999999999997,-0.0827272727272728,0.0,23.6,59.7,25.421,-0.8660254037844386,0.5000000000000001,0.0,1.0,-3.1560454545454575,4199.9,0
Aglaonema,36.15,38.18928571428571,-2.0,-0.08727272727272735,0.0,23.7,60.9,0.537,-0.5000000000000004,0.8660254037844384,0.0,1.0,-3.1549090909090935,4079.9,0
Aglaonema,37.1,38.120535714285715,0.9500000000000028,-0.04272727272727275,0.0,23.6,61.4,1.734,0.0,1.0,0.7818314824680298,0.6234898018587336,-1.5851818181818191,3959.9,0
Aglaonema,39.05,38.113392857142856,1.9499999999999957,-0.05,0.0,22.8,59.6,1.343,0.49999999999999994,0.8660254037844387,0.7818314824680298,0.6234898018587336,-1.9525,3839.9166666666665,0
Aglaonema,39.2,38.066964285714285,0.15000000000000568,0.016363636363636466,0.0,22.2,58.4,0.0,0.8660254037844386,0.5000000000000001,0.7818314824680298,0.6234898018587336,0.6414545454545495,3719.9166666666665,0
Aglaonema,37.7,38.05625,-1.5,-0.04272727272727262,0.0,21.7,57.4,2.637,1.0,6.123233995736766e-17,0.7818314824680298,0.6234898018587336,-1.610818181818178,3599.9166666666665,0
Aglaonema,38.5,38.028571428571425,0.7999999999999972,0.001818181818181844,0.0,21.4,56.5,22.808,0.8660254037844387,-0.4999999999999998,0.7818314824680298,0.6234898018587336,0.07000000000000099,3479.9166666666665,0
Aglaonema,37.95,38.020535714285714,-0.5499999999999972,-0.01818181818181818,0.0,21.1,56.6,39.072,0.49999999999999994,-0.8660254037844387,0.7818314824680298,0.6234898018587336,-0.6900000000000001,3359.9166666666665,0
Aglaonema,38.05,38.004464285714285,0.09999999999999432,-0.038181818181818206,0.0,21.1,57.2,55.043,1.2246467991473532e-16,-1.0,0.7818314824680298,0.6234898018587336,-1.4528181818181827,3239.9166666666665,0
Aglaonema,37.85,37.96339285714286,-0.19999999999999574,-0.00636363636363639,0.0,21.2,57.3,62.491,-0.4999999999999997,-0.8660254037844388,0.7818314824680298,0.6234898018587336,-0.24086363636363736,3119.9333333333334,0
Aglaonema,39.55,37.9875,1.6999999999999957,0.02181818181818174,0.0,21.1,55.9,64.176,-0.8660254037844385,-0.5000000000000004,0.7818314824680298,0.6234898018587336,0.8629090909090877,2999.9333333333334,0
Aglaonema,35.9,37.94375,-3.6499999999999986,-0.06636363636363633,0.0,20.9,56.5,51.184,-1.0,-1.8369701987210297e-16,0.7818314824680298,0.6234898018587336,-2.3824545454545443,2879.9333333333334,0
Aglaonema,36.75,37.89375,0.8500000000000014,-0.0472727272727273,0.0,21.0,56.7,16.02,-0.8660254037844386,0.5000000000000001,0.7818314824680298,0.6234898018587336,-1.7372727272727282,2759.9333333333334,0
Aglaonema,41.85,37.93839285714285,5.100000000000001,0.06181818181818179,0.0,20.9,56.8,4.176,-0.5000000000000004,0.8660254037844384,0.7818314824680298,0.6234898018587336,2.587090909090908,2639.9333333333334,0
Aglaonema,36.05,37.89553571428571,-5.800000000000004,-0.044545454545454596,0.0,20.8,55.0,0.781,0.0,1.0,0.9749279121818236,-0.22252093395631434,-1.605863636363638,2519.9333333333334,0
Aglaonema,35.1,37.83482142857143,-0.9499999999999957,-0.045454545454545456,0.0,20.9,54.7,0.83,0.49999999999999994,0.8660254037844387,0.9749279121818236,-0.22252093395631434,-1.5954545454545455,2399.95,0
Aglaonema,36.0,37.80624999999999,0.8999999999999986,-0.057272727272727246,0.0,21.0,55.6,0.952,0.8660254037844386,0.5000000000000001,0.9749279121818236,-0.22252093395631434,-2.0618181818181807,2279.95,0
Aglaonema,36.0,37.75,0.0,-0.0554545454545454,0.0,21.0,55.7,2.808,1.0,6.123233995736766e-17,0.9749279121818236,-0.22252093395631434,-1.9963636363636346,2159.95,0
Aglaonema,35.45,37.685714285714276,-0.5499999999999972,-0.05363636363636356,0.0,21.0,55.3,40.611,0.8660254037844387,-0.4999999999999998,0.9749279121818236,-0.22252093395631434,-1.9014090909090884,2039.95,0
Aglaonema,36.45,37.65089285714286,1.0,-0.020909090909090884,0.0,21.1,59.6,64.225,0.49999999999999994,-0.8660254037844387,0.9749279121818236,-0.22252093395631434,-0.7621363636363628,1919.9666666666667,0
Aglaonema,34.7,37.59910714285714,-1.75,-0.0527272727272727,0.0,21.0,49.9,68.425,1.2246467991473532e-16,-1.0,0.9749279121818236,-0.22252093395631434,-1.8296363636363628,1799.9666666666667,0
Aglaonema,36.95,37.5875,2.25,0.003636363636363688,0.0,21.4,54.7,64.689,-0.4999999999999997,-0.8660254037844388,0.9749279121818236,-0.22252093395631434,0.13436363636363827,1679.9666666666667,0
Aglaonema,37.0,37.591964285714276,0.04999999999999716,-0.014545454545454493,0.0,21.4,50.3,50.818,-0.8660254037844385,-0.5000000000000004,0.9749279121818236,-0.22252093395631434,-0.5381818181818162,1559.9666666666667,0
Aglaonema,37.35,37.583928571428565,0.3500000000000014,-0.02818181818181813,0.0,21.5,52.3,48.059,-1.0,-1.8369701987210297e-16,0.9749279121818236,-0.22252093395631434,-1.0525909090909071,1439.9666666666667,0
Aglaonema,34.35,37.50267857142857,-3.0,-0.10454545454545454,0.0,21.6,51.3,7.277,-0.8660254037844386,0.5000000000000001,0.9749279121818236,-0.22252093395631434,-3.5911363636363633,1319.9666666666667,0
Aglaonema,35.5,37.42053571428572,1.1499999999999986,-0.0554545454545454,0.0,21.9,51.3,3.541,-0.5000000000000004,0.8660254037844384,0.9749279121818236,-0.22252093395631434,-1.9686363636363617,1199.9833333333333,0
Aglaonema,36.9,37.39107142857143,1.3999999999999986,0.0009090909090908574,0.0,21.9,53.0,0.0,0.0,1.0,0.43388373911755823,-0.900968867902419,0.03354545454545264,1079.9833333333333,0
Aglaonema,35.75,37.371428571428574,-1.1499999999999986,-0.03636363636363636,0.0,22.0,51.8,0.0,0.49999999999999994,0.8660254037844387,0.43388373911755823,-0.900968867902419,-1.3,959.9833333333333,0
Aglaonema,34.95,37.32142857142857,-0.7999999999999972,-0.004545454545454545,0.0,21.9,50.9,0.0,0.8660254037844386,0.5000000000000001,0.43388373911755823,-0.900968867902419,-0.15886363636363637,839.9833333333333,0
Aglaonema,34.7,37.3125,-0.25,-0.033636363636363534,2.0,21.8,50.1,18.755,1.0,6.123233995736766e-17,0.43388373911755823,-0.900968867902419,-1.1671818181818148,719.9833333333333,0
Aglaonema,37.7,37.333035714285714,3.0,0.02727272727272727,0.0,21.7,50.2,67.839,0.8660254037844387,-0.4999999999999998,0.43388373911755823,-0.900968867902419,1.0281818181818183,599.9833333333333,0
Aglaonema,36.2,37.333035714285714,-1.5,-0.04272727272727262,0.0,21.7,51.6,51.502,0.49999999999999994,-0.8660254037844387,0.43388373911755823,-0.900968867902419,-1.546727272727269,480.0,0
Aglaonema,35.2,37.27321428571429,-1.0,-0.07090909090909088,0.0,21.6,49.3,66.374,1.2246467991473532e-16,-1.0,0.43388373911755823,-0.900968867902419,-2.495999999999999,360.0,0
Aglaonema,36.15,37.22053571428571,0.9499999999999957,-0.05090909090909099,0.0,22.1,48.9,64.64,-0.4999999999999997,-0.8660254037844388,0.43388373911755823,-0.900968867902419,-1.840363636363639,240.0,0
Aglaonema,36.35,37.174107142857146,0.20000000000000284,-0.015454545454545481,0.0,22.3,48.3,64.127,-0.8660254037844385,-0.5000000000000004,0.43388373911755823,-0.900968867902419,-0.5617727272727283,120.0,0
Aglaonema,45.6,37.324107142857144,9.25,0.11909090909090916,0.0,22.6,51.1,52.601,-1.0,-1.8369701987210297e-16,0.43388373911755823,-0.900968867902419,5.430545454545458,2999.9166666666665,0
Aglaonema,37.55,37.29732142857143,-8.050000000000004,-0.016363636363636466,0.0,22.5,48.4,18.632,-0.8660254037844386,0.5000000000000001,0.43388373911755823,-0.900968867902419,-0.6144545454545493,2879.9333333333334,0
Aglaonema,37.05,37.27232142857143,-0.5,-0.01272727272727278,0.0,22.4,49.0,2.735,-0.5000000000000004,0.8660254037844384,0.43388373911755823,-0.900968867902419,-0.47154545454545643,2759.9333333333334,0
Aglaonema,35.3,37.228571428571435,-1.75,-0.055454545454545534,0.0,22.6,49.4,4.298,0.0,1.0,-0.433883739117558,-0.9009688679024191,-1.9575454545454571,2639.9333333333334,0
Aglaonema,36.45,37.19464285714286,1.1500000000000057,-0.05636363636363626,0.0,22.4,50.9,4.347,0.49999999999999994,0.8660254037844387,-0.433883739117558,-0.9009688679024191,-2.0544545454545418,2519.9333333333334,0
Aglaonema,37.75,37.1625,1.2999999999999972,-0.0027272727272727015,0.0,22.3,53.1,0.0,0.8660254037844386,0.5000000000000001,-0.433883739117558,-0.9009688679024191,-0.10295454545454448,2399.9333333333334,0
Aglaonema,39.2,37.18571428571429,1.4500000000000028,0.015454545454545481,0.0,22.0,52.8,6.984,1.0,6.123233995736766e-17,-0.433883739117558,-0.9009688679024191,0.6058181818181829,2279.9333333333334,0
Aglaonema,37.9,37.177678571428565,-1.3000000000000043,0.0009090909090908574,0.0,22.0,56.1,42.54,0.8660254037844387,-0.4999999999999998,-0.433883739117558,-0.9009688679024191,0.034454545454543496,2159.95,0
Aglaonema,37.6,37.17321428571428,-0.29999999999999716,0.011818181818181792,0.0,22.0,55.5,62.491,0.49999999999999994,-0.8660254037844387,-0.433883739117558,-0.9009688679024191,0.4443636363636354,2039.95,0
Aglaonema,38.4,37.199107142857144,0.7999999999999972,0.017272727272727197,0.0,22.1,54.9,58.242,1.2246467991473532e-16,-1.0,-0.433883739117558,-0.9009688679024191,0.6632727272727243,1919.95,0
Aglaonema,35.25,37.159821428571426,-3.1499999999999986,-0.057272727272727246,0.0,22.6,53.5,68.376,-0.4999999999999997,-0.8660254037844388,-0.433883739117558,-0.9009688679024191,-2.0188636363636356,1799.95,0
Aglaonema,34.4,37.088392857142864,-0.8500000000000014,-0.07454545454545457,0.0,22.8,48.6,43.712,-0.8660254037844385,-0.5000000000000004,-0.433883739117558,-0.9009688679024191,-2.564363636363637,1679.95,0
Aglaonema,33.35,36.996428571428574,-1.0499999999999972,-0.08272727272727268,2.0,23.0,52.4,76.19,-1.0,-1.8369701987210297e-16,-0.433883739117558,-0.9009688679024191,-2.758954545454544,1559.95,1
Aglaonema,33.95,36.92589285714286,0.6000000000000014,-0.05454545454545454,3.999722222222222,22.9,47.8,34.579,-0.8660254037844386,0.5000000000000001,-0.433883739117558,-0.9009688679024191,-1.8518181818181818,1439.9666666666667,1
Aglaonema,34.25,36.877678571428575,0.29999999999999716,-0.07363636363636358,5.999722222222222,22.8,49.5,4.567,-0.5000000000000004,0.8660254037844384,-0.433883739117558,-0.9009688679024191,-2.5220454545454527,1319.9666666666667,1
Aglaonema,35.35,36.825,1.1000000000000014,-0.022727272727272728,0.0,22.7,50.6,4.322,0.0,1.0,-0.9749279121818236,-0.2225209339563146,-0.803409090909091,1199.9666666666667,0
Aglaonema,34.3,36.78392857142857,-1.0500000000000043,-0.06636363636363647,0.0,22.4,49.9,5.079,0.49999999999999994,0.8660254037844387,-0.9749279121818236,-0.2225209339563146,-2.276272727272731,1079.9666666666667,0
Aglaonema,34.2,36.71696428571429,-0.09999999999999432,-0.04909090909090901,1.9997222222222222,22.2,49.6,5.177,0.8660254037844386,0.5000000000000001,-0.9749279121818236,-0.2225209339563146,-1.6789090909090882,959.9833333333333,0
Aglaonema,34.75,36.67857142857143,0.5499999999999972,-0.03636363636363636,3.999722222222222,22.0,49.9,41.441,1.0,6.123233995736766e-17,-0.9749279121818236,-0.2225209339563146,-1.2636363636363637,839.9833333333333,1
Aglaonema,35.15,36.65,0.3999999999999986,-0.017272727272727325,0.0,21.8,53.7,65.641,0.8660254037844387,-0.4999999999999998,-0.9749279121818236,-0.2225209339563146,-0.6071363636363655,719.9833333333333,0
Aglaonema,33.15,36.597321428571426,-2.0,-0.09090909090909091,0.0,21.8,53.4,59.707,0.49999999999999994,-0.8660254037844387,-0.9749279121818236,-0.2225209339563146,-3.0136363636363637,599.9833333333333,0
Aglaonema,35.15,36.54375,2.0,-0.01818181818181818,0.0,22.0,52.8,66.984,1.2246467991473532e-16,-1.0,-0.9749279121818236,-0.2225209339563146,-0.639090909090909,479.98333333333335,0
Aglaonema,33.05,36.48839285714286,-2.1000000000000014,-0.07363636363636371,0.0,22.2,50.2,66.984,-0.4999999999999997,-0.8660254037844388,-0.9749279121818236,-0.2225209339563146,-2.4336818181818205,359.98333333333335,0
Aglaonema,38.3,36.50982142857143,5.25,-0.013636363636363636,0.0,22.4,45.6,63.175,-0.8660254037844385,-0.5000000000000004,-0.9749279121818236,-0.2225209339563146,-0.5222727272727272,240.0,0
Aglaonema,33.55,36.41160714285714,-4.75,-0.10272727272727283,0.0,22.6,47.1,70.232,-1.0,-1.8369701987210297e-16,-0.9749279121818236,-0.2225209339563146,-3.4465000000000034,120.0,0
Aglaonema,32.5,36.291964285714286,-1.0499999999999972,-0.0945454545454546,2.0,22.9,47.1,47.521,-0.8660254037844386,0.5000000000000001,-0.9749279121818236,-0.2225209339563146,-3.0727272727272745,0.0,1
Aglaonema,30.85,36.16964285714286,-1.6499999999999986,-0.13909090909090907,4.0,23.0,48.8,8.059,-0.5000000000000004,0.8660254037844384,-0.9749279121818236,-0.2225209339563146,-4.290954545454545,0.0,1
Aglaonema,34.05,36.090178571428574,3.1999999999999957,-0.07090909090909102,6.0,23.0,49.0,0.0,0.0,1.0,-0.7818314824680299,0.6234898018587334,-2.414454545454549,239.98333333333332,1
Aglaonema,36.5,36.06428571428572,2.450000000000003,-0.02818181818181813,0.0,22.3,50.6,0.0,0.49999999999999994,0.8660254037844387,-0.7818314824680299,0.6234898018587334,-1.0286363636363618,119.98333333333333,0
Aglaonema,32.85,35.971428571428575,-3.6499999999999986,-0.09090909090909091,0.0,21.8,51.5,7.009,0.8660254037844386,0.5000000000000001,-0.7818314824680299,0.6234898018587334,-2.9863636363636368,0.0,0
Aglaonema,32.45,35.87500000000001,-0.3999999999999986,-0.12909090909090898,2.0,21.7,51.5,44.664,1.0,6.123233995736766e-17,-0.7818314824680299,0.6234898018587334,-4.1889999999999965,0.0,1
Aglaonema,32.75,35.753571428571426,0.29999999999999716,-0.057272727272727246,4.0,21.3,54.3,68.156,0.8660254037844387,-0.4999999999999998,-0.7818314824680299,0.6234898018587334,-1.8756818181818173,0.0,1
Aglaonema,37.85,35.78839285714286,5.100000000000001,0.020000000000000025,0.0,20.6,49.1,59.243,0.49999999999999994,-0.8660254037844387,-0.7818314824680299,0.6234898018587334,0.757000000000001,359.98333333333335,0
Aglaonema,36.3,35.78035714285715,-1.5500000000000043,-0.10090909090909099,0.0,20.0,49.5,68.547,1.2246467991473532e-16,-1.0,-0.7818314824680299,0.6234898018587334,-3.6630000000000025,239.98333333333332,0
Aglaonema,36.05,35.676785714285714,-0.25,0.0,0.0,19.9,50.9,64.908,-0.4999999999999997,-0.8660254037844388,-0.7818314824680299,0.6234898018587334,0.0,120.0,0
Aglaonema,87.7,36.59910714285714,51.650000000000006,0.9563636363636364,0.0,20.7,49.6,72.21,-0.8660254037844385,-0.5000000000000004,-0.7818314824680299,0.6234898018587334,83.87309090909092,5999.85,0
Aglaonema,87.05,37.526785714285715,-0.6500000000000057,0.9281818181818181,0.0,20.5,52.1,66.032,-1.0,-1.8369701987210297e-16,-0.7818314824680299,0.6234898018587334,80.79822727272726,5879.85,0
Aglaonema,79.2,38.29821428571429,-7.849999999999994,0.7854545454545455,0.0,21.2,52.2,32.357,-0.8660254037844386,0.5000000000000001,-0.7818314824680299,0.6234898018587334,62.208000000000006,5759.85,0
Aglaonema,84.45,39.16339285714285,5.25,0.8909090909090909,0.0,21.6,51.1,0.0,-0.5000000000000004,0.8660254037844384,-0.7818314824680299,0.6234898018587334,75.23727272727272,5639.85,0
Aglaonema,72.95,39.83303571428571,-11.5,0.6636363636363637,0.0,22.3,47.9,3.785,0.0,1.0,0.7818314824680298,0.6234898018587336,48.412272727272736,4079.883333333333,0
Aglaonema,71.35,40.456250000000004,-1.6000000000000085,0.6663636363636362,0.0,21.9,46.8,4.811,0.49999999999999994,0.8660254037844387,0.7818314824680298,0.6234898018587336,47.54504545454544,3959.9,0
Aglaonema,71.35,41.11071428571428,0.0,0.6254545454545453,0.0,21.5,46.0,5.226,0.8660254037844386,0.5000000000000001,0.7818314824680298,0.6234898018587336,44.6261818181818,3839.9,0
Aglaonema,69.0,41.683035714285715,-2.3499999999999943,0.5818181818181818,0.0,21.4,46.9,33.919,1.0,6.123233995736766e-17,0.7818314824680298,0.6234898018587336,40.14545454545454,3719.9,0
Aglaonema,71.15,42.29285714285714,2.1500000000000057,0.6145454545454546,0.0,21.3,47.4,53.919,0.8660254037844387,-0.4999999999999998,0.7818314824680298,0.6234898018587336,43.7249090909091,3599.9,0
Aglaonema,68.15,42.84285714285714,-3.0,0.6145454545454546,0.0,21.3,48.0,54.701,0.49999999999999994,-0.8660254037844387,0.7818314824680298,0.6234898018587336,41.88127272727274,3479.9166666666665,0
Aglaonema,69.15,43.464285714285715,1.0,0.6118181818181819,0.0,21.5,55.9,67.277,1.2246467991473532e-16,-1.0,0.7818314824680298,0.6234898018587336,42.30722727272728,3359.9166666666665,0
Aglaonema,72.8,44.13035714285714,3.6499999999999915,0.6527272727272727,0.0,21.6,47.5,46.227,-0.4999999999999997,-0.8660254037844388,0.7818314824680298,0.6234898018587336,47.51854545454545,3239.9166666666665,0
Aglaonema,72.15,44.75982142857142,-0.6499999999999915,0.661818181818182,0.0,21.6,46.1,64.103,-0.8660254037844385,-0.5000000000000004,0.7818314824680298,0.6234898018587336,47.75018181818184,3119.9166666666665,0
Aglaonema,68.95,45.35267857142857,-3.200000000000003,0.6181818181818182,0.0,21.6,45.3,34.847,-1.0,-1.8369701987210297e-16,0.7818314824680298,0.6234898018587336,42.623636363636365,2999.9166666666665,0
Aglaonema,67.3,45.93035714285714,-1.6500000000000057,0.5927272727272727,0.0,21.4,46.3,16.093,-0.8660254037844386,0.5000000000000001,0.7818314824680298,0.6234898018587336,39.890545454545446,2879.9166666666665,0
Aglaonema,66.55,46.49910714285714,-0.75,0.5245454545454544,0.0,21.5,47.7,5.568,-0.5000000000000004,0.8660254037844384,0.7818314824680298,0.6234898018587336,34.90849999999999,2759.9333333333334,0
Aglaonema,68.7,47.052678571428565,2.1500000000000057,0.5909090909090909,0.0,21.4,49.3,5.958,0.0,1.0,0.9749279121818236,-0.22252093395631434,40.59545454545455,2639.9333333333334,0
Aglaonema,67.65,47.61428571428571,-1.0499999999999972,0.5900000000000001,0.0,21.3,50.7,6.3,0.49999999999999994,0.8660254037844387,0.9749279121818236,-0.22252093395631434,39.913500000000006,2519.9333333333334,0
Aglaonema,65.65,48.1580357142857,-2.0,0.5363636363636365,0.0,21.3,51.5,6.325,0.8660254037844386,0.5000000000000001,0.9749279121818236,-0.22252093395631434,35.21227272727274,2399.9333333333334,0
Aglaonema,68.35,48.73303571428572,2.6999999999999886,0.5818181818181817,0.0,21.6,50.8,32.991,1.0,6.123233995736766e-17,0.9749279121818236,-0.22252093395631434,39.76727272727271,2279.9333333333334,0
Aglaonema,66.4,49.269642857142856,-1.9499999999999886,0.3781818181818183,0.0,21.7,50.5,59.756,0.8660254037844387,-0.4999999999999998,0.9749279121818236,-0.22252093395631434,25.111272727272738,2159.9333333333334,0
Aglaonema,69.15,49.69017857142857,2.75,0.5745454545454547,0.0,21.9,51.0,59.292,0.49999999999999994,-0.8660254037844387,0.9749279121818236,-0.22252093395631434,39.729818181818196,2039.95,0
Aglaonema,66.9,50.21428571428571,-2.25,0.5427272727272728,0.0,21.9,50.8,35.556,1.2246467991473532e-16,-1.0,0.9749279121818236,-0.22252093395631434,36.30845454545456,1919.95,0
Aglaonema,66.1,50.73303571428571,-0.8000000000000114,0.5599999999999999,0.0,21.9,52.9,69.158,-0.4999999999999997,-0.8660254037844388,0.9749279121818236,-0.22252093395631434,37.01599999999999,1799.95,0
Aglaonema,62.5,51.21875,-3.5999999999999943,0.4736363636363636,0.0,22.1,55.8,67.985,-0.8660254037844385,-0.5000000000000004,0.9749279121818236,-0.22252093395631434,29.602272727272723,1679.95,0
Aglaonema,62.65,51.68660714285714,0.14999999999999858,0.4527272727272727,0.0,22.0,50.3,53.236,-1.0,-1.8369701987210297e-16,0.9749279121818236,-0.22252093395631434,28.363363636363633,1559.95,0
Aglaonema,60.1,52.08571428571428,-2.549999999999997,0.37999999999999995,0.0,21.8,49.7,21.026,-0.8660254037844386,0.5000000000000001,0.9749279121818236,-0.22252093395631434,22.837999999999997,1439.9666666666667,0
Aglaonema,60.45,52.46517857142857,0.3500000000000014,0.4100000000000001,0.0,21.6,50.2,7.497,-0.5000000000000004,0.8660254037844384,0.9749279121818236,-0.22252093395631434,24.784500000000005,1319.9666666666667,0
Aglaonema,61.05,52.878571428571426,0.5999999999999943,0.4263636363636363,0.0,21.6,50.9,8.205,0.0,1.0,0.43388373911755823,-0.900968867902419,26.029499999999995,1199.9666666666667,0
Aglaonema,64.0,53.35000000000001,2.950000000000003,0.46545454545454545,0.0,21.9,51.4,0.0,0.49999999999999994,0.8660254037844387,0.43388373911755823,-0.900968867902419,29.78909090909091,1079.9666666666667,0
Aglaonema,64.55,53.816964285714285,0.5499999999999972,0.5327272727272727,0.0,22.0,49.5,0.0,0.8660254037844386,0.5000000000000001,0.43388373911755823,-0.900968867902419,34.38754545454545,959.9666666666667,0
Aglaonema,65.25,54.35267857142857,0.7000000000000028,0.5609090909090909,0.0,21.9,49.4,50.549,1.0,6.123233995736766e-17,0.43388373911755823,-0.900968867902419,36.599318181818184,839.9666666666667,0
Aglaonema,62.6,54.856249999999996,-2.6499999999999986,0.5318181818181819,0.0,21.9,49.5,69.158,0.8660254037844387,-0.4999999999999998,0.43388373911755823,-0.900968867902419,33.291818181818186,719.9833333333333,0
Aglaonema,61.8,55.36428571428571,-0.8000000000000043,0.5063636363636362,0.0,21.9,50.6,41.465,0.49999999999999994,-0.8660254037844387,0.43388373911755823,-0.900968867902419,31.29327272727272,599.9833333333333,0
Aglaonema,64.05,55.901785714285715,2.25,0.5418181818181818,0.0,22.0,50.2,62.491,1.2246467991473532e-16,-1.0,0.43388373911755823,-0.900968867902419,34.70345454545454,479.98333333333335,0
Aglaonema,64.85,56.448214285714286,0.7999999999999972,0.5363636363636363,0.0,22.0,50.3,54.872,-0.4999999999999997,-0.8660254037844388,0.43388373911755823,-0.900968867902419,34.78318181818181,359.98333333333335,0
Aglaonema,61.55,56.916071428571435,-3.299999999999997,0.4954545454545455,0.0,22.1,50.9,61.514,-0.8660254037844385,-0.5000000000000004,0.43388373911755823,-0.900968867902419,30.495227272727274,239.98333333333332,0
Aglaonema,58.55,57.349107142857136,-3.0,0.44272727272727264,0.0,22.2,49.0,45.69,-1.0,-1.8369701987210297e-16,0.43388373911755823,-0.900968867902419,25.92168181818181,119.98333333333333,0
Aglaonema,3.15,56.794642857142854,-55.4,-0.5745454545454546,0.0,22.3,50.2,36.264,-0.8660254037844386,0.5000000000000001,0.43388373911755823,-0.900968867902419,-1.8098181818181818,0.0,0
Aglaonema,55.85,57.17142857142857,52.7,0.3763636363636364,0.0,21.7,49.4,22.271,-0.5000000000000004,0.8660254037844384,0.43388373911755823,-0.900968867902419,21.019909090909092,21600.0,0
Aglaonema,56.65,57.55535714285715,0.7999999999999972,0.42727272727272725,0.0,21.7,51.3,0.0,0.0,1.0,-0.433883739117558,-0.9009688679024191,24.205,21600.0,0
Aglaonema,55.2,57.949107142857144,-1.4499999999999957,0.3645454545454546,0.0,21.6,49.1,0.0,0.49999999999999994,0.8660254037844387,-0.433883739117558,-0.9009688679024191,20.122909090909097,21600.0,0
Aglaonema,52.25,58.254464285714285,-2.950000000000003,0.3490909090909091,0.0,21.5,47.5,3.956,0.8660254037844386,0.5000000000000001,-0.433883739117558,-0.9009688679024191,18.240000000000002,21600.0,0
Aglaonema,51.45,58.583035714285714,-0.7999999999999972,0.2390909090909092,0.0,21.6,47.6,44.396,1.0,6.123233995736766e-17,-0.433883739117558,-0.9009688679024191,12.301227272727278,21600.0,0
Aglaonema,48.35,58.762499999999996,-3.1000000000000014,0.26909090909090916,0.0,21.9,47.8,65.372,0.8660254037844387,-0.4999999999999998,-0.433883739117558,-0.9009688679024191,13.010545454545458,21600.0,0
Aglaonema,47.65,59.01428571428572,-0.7000000000000028,0.27545454545454545,0.0,22.0,49.9,69.328,0.49999999999999994,-0.8660254037844387,-0.433883739117558,-0.9009688679024191,13.125409090909091,21600.0,0
Aglaonema,47.9,59.28928571428571,0.25,0.30999999999999994,0.0,22.0,49.9,67.302,1.2246467991473532e-16,-1.0,-0.433883739117558,-0.9009688679024191,14.848999999999997,21600.0,0
Aglaonema,47.55,59.5875,-0.3500000000000014,0.24545454545454545,0.0,22.2,48.6,41.832,-0.4999999999999997,-0.8660254037844388,-0.433883739117558,-0.9009688679024191,11.671363636363635,21600.0,0
Aglaonema,54.4,59.950892857142854,6.850000000000001,0.32545454545454544,0.0,22.4,48.8,67.57,-0.8660254037844385,-0.5000000000000004,-0.433883739117558,-0.9009688679024191,17.704727272727272,21600.0,0
Aglaonema,52.0,60.22767857142857,-2.3999999999999986,0.34818181818181815,0.0,22.6,48.6,58.657,-1.0,-1.8369701987210297e-16,-0.433883739117558,-0.9009688679024191,18.105454545454542,21600.0,0
Aglaonema,52.0,60.56964285714285,0.0,0.3554545454545454,0.0,22.6,48.7,26.642,-0.8660254037844386,0.5000000000000001,-0.433883739117558,-0.9009688679024191,18.48363636363636,21600.0,0
Aglaonema,52.2,60.92232142857143,0.20000000000000284,0.3536363636363637,0.0,22.5,48.5,0.0,-0.5000000000000004,0.8660254037844384,-0.433883739117558,-0.9009688679024191,18.459818181818186,21600.0,0
Aglaonema,53.55,61.293749999999996,1.3499999999999943,0.28545454545454535,0.0,22.2,47.6,0.0,0.0,1.0,-0.9749279121818236,-0.2225209339563146,15.286090909090902,21600.0,0
Aglaonema,53.35,61.57053571428572,-0.19999999999999574,0.31000000000000005,0.0,22.1,47.0,0.0,0.49999999999999994,0.8660254037844387,-0.9749279121818236,-0.2225209339563146,16.538500000000003,21600.0,0
Aglaonema,52.25,61.85535714285714,-1.1000000000000014,0.2945454545454546,0.0,22.1,46.2,0.0,0.8660254037844386,0.5000000000000001,-0.9749279121818236,-0.2225209339563146,15.390000000000004,21600.0,0
Aglaonema,51.45,62.13035714285714,-0.7999999999999972,-0.6590909090909091,0.0,22.0,45.8,29.353,1.0,6.123233995736766e-17,-0.9749279121818236,-0.2225209339563146,-33.910227272727276,21600.0,0
Aglaonema,52.0,61.49285714285715,0.5499999999999972,-0.6372727272727272,0.0,21.9,46.0,50.672,0.8660254037844387,-0.4999999999999998,-0.9749279121818236,-0.2225209339563146,-33.13818181818181,21600.0,0
Aglaonema,52.0,60.86696428571429,0.0,-0.4945454545454546,0.0,22.0,46.2,56.972,0.49999999999999994,-0.8660254037844387,-0.9749279121818236,-0.2225209339563146,-25.71636363636364,21600.0,0
Aglaonema,53.0,60.39910714285714,1.0,-0.5718181818181819,0.0,22.0,45.6,53.162,1.2246467991473532e-16,-1.0,-0.9749279121818236,-0.2225209339563146,-30.306363636363642,21600.0,0
Aglaonema,50.55,59.793749999999996,-2.450000000000003,-0.4072727272727274,0.0,21.9,42.5,55.385,-0.4999999999999997,-0.8660254037844388,-0.9749279121818236,-0.2225209339563146,-20.587636363636367,21600.0,0
Aglaonema,56.15,59.49375,5.600000000000001,-0.2763636363636363,0.0,21.9,45.0,60.781,-0.8660254037844385,-0.5000000000000004,-0.9749279121818236,-0.2225209339563146,-15.517818181818178,21600.0,0
Aglaonema,52.05,59.14910714285714,-4.100000000000001,-0.35090909090909084,0.0,22.1,45.2,58.168,-1.0,-1.8369701987210297e-16,-0.9749279121818236,-0.2225209339563146,-18.26481818181818,21600.0,0
Aglaonema,52.0,58.80357142857143,-0.04999999999999716,-0.3090909090909091,0.0,22.4,46.7,54.188,-0.8660254037844386,0.5000000000000001,-0.9749279121818236,-0.2225209339563146,-16.07272727272727,21600.0,0
Aglaonema,52.0,58.5,0.0,-0.34818181818181826,0.0,22.2,43.1,0.0,-0.5000000000000004,0.8660254037844384,-0.9749279121818236,-0.2225209339563146,-18.10545454545455,21600.0,0
Aglaonema,52.85,58.17321428571428,0.8500000000000014,-0.27818181818181825,0.0,22.1,44.8,0.0,0.0,1.0,-0.7818314824680299,0.6234898018587334,-14.701909090909094,21600.0,0
Aglaonema,52.45,57.892857142857146,-0.3999999999999986,-0.3036363636363637,0.0,22.0,47.1,0.0,0.49999999999999994,0.8660254037844387,-0.7818314824680299,0.6234898018587334,-15.925727272727277,21600.0,0
Aglaonema,54.7,57.63482142857142,2.25,-0.329090909090909,0.0,21.9,48.5,0.0,0.8660254037844386,0.5000000000000001,-0.7818314824680299,0.6234898018587334,-18.001272727272724,21600.0,0
Aglaonema,54.35,57.30535714285715,-0.3500000000000014,-0.3236363636363637,0.0,21.9,48.1,13.016,1.0,6.123233995736766e-17,-0.7818314824680299,0.6234898018587334,-17.58963636363637,21600.0,0
Aglaonema,50.95,56.92678571428571,-3.3999999999999986,-0.32727272727272727,0.0,21.8,50.1,42.1,0.8660254037844387,-0.4999999999999998,-0.7818314824680299,0.6234898018587334,-16.674545454545456,21600.0,0
Aglaonema,52.8,56.638392857142854,1.8499999999999943,-0.2636363636363636,0.0,21.7,52.4,52.332,0.49999999999999994,-0.8660254037844387,-0.7818314824680299,0.6234898018587334,-13.919999999999998,21600.0,0
Aglaonema,53.6,56.393750000000004,0.8000000000000043,-0.2354545454545454,0.0,21.8,51.8,58.486,1.2246467991473532e-16,-1.0,-0.7818314824680299,0.6234898018587334,-12.620363636363633,21600.0,0
Aglaonema,50.45,56.106249999999996,-3.1499999999999986,-0.33181818181818185,0.0,22.0,52.7,66.862,-0.4999999999999997,-0.8660254037844388,-0.7818314824680299,0.6234898018587334,-16.740227272727275,21600.0,0
Aglaonema,53.35,55.83214285714286,2.8999999999999986,-0.26000000000000006,0.0,22.0,51.7,57.021,-0.8660254037844385,-0.5000000000000004,-0.7818314824680299,0.6234898018587334,-13.871000000000004,21600.0,0
Aglaonema,51.85,55.550000000000004,-1.5,-0.25090909090909097,0.0,21.9,55.1,21.416,-1.0,-1.8369701987210297e-16,-0.7818314824680299,0.6234898018587334,-13.009636363636368,21600.0,0
Aglaonema,48.1,55.236607142857146,-3.75,-0.36818181818181805,0.0,22.0,59.1,24.371,-0.8660254037844386,0.5000000000000001,-0.7818314824680299,0.6234898018587334,-17.70954545454545,21600.0,0
Aglaonema,50.55,54.918749999999996,2.4499999999999957,-0.2881818181818183,0.0,21.9,58.3,0.0,-0.5000000000000004,0.8660254037844384,-0.7818314824680299,0.6234898018587334,-14.567590909090915,21600.0,0
Aglaonema,52.55,54.67142857142857,2.0,-0.301818181818182,0.0,21.8,57.9,0.0,0.0,1.0,0.0,1.0,-15.860545454545463,21600.0,0
Aglaonema,54.05,54.401785714285715,1.5,-0.23363636363636378,0.0,21.8,57.0,0.0,0.49999999999999994,0.8660254037844387,0.0,1.0,-12.628045454545461,21600.0,0
Aglaonema,51.8,54.13214285714286,-2.25,-0.25999999999999995,0.0,21.7,55.9,0.0,0.8660254037844386,0.5000000000000001,0.0,1.0,-13.467999999999996,21600.0,0
Aglaonema,53.25,53.902678571428574,1.4500000000000028,-0.16818181818181818,0.0,21.7,56.0,10.159,1.0,6.123233995736766e-17,0.0,1.0,-8.955681818181818,21600.0,0
Aglaonema,53.6,53.74374999999999,0.3500000000000014,-0.1645454545454545,0.0,21.7,56.4,51.551,0.8660254037844387,-0.4999999999999998,0.0,1.0,-8.819636363636361,21600.0,0
Aglaonema,52.55,53.56339285714285,-1.0500000000000043,-0.13727272727272735,0.0,21.7,57.4,65.519,0.49999999999999994,-0.8660254037844387,0.0,1.0,-7.213681818181822,21600.0,0
Aglaonema,52.15,53.42142857142857,-0.3999999999999986,-0.150909090909091,0.0,21.7,52.8,65.861,1.2246467991473532e-16,-1.0,0.0,1.0,-7.869909090909095,21600.0,0
Aglaonema,50.8,53.24910714285714,-1.3500000000000014,-0.18636363636363637,0.0,21.6,49.7,38.73,-0.4999999999999997,-0.8660254037844388,0.0,1.0,-9.467272727272727,21600.0,0
Aglaonema,52.05,53.08839285714286,1.25,-0.2172727272727273,0.0,22.0,53.9,39.072,-0.8660254037844385,-0.5000000000000004,0.0,1.0,-11.309045454545457,21600.0,0
Aglaonema,51.85,52.871428571428574,-0.19999999999999574,-0.23090909090909084,0.0,22.0,52.4,51.99,-1.0,-1.8369701987210297e-16,0.0,1.0,-11.97263636363636,21600.0,0
Aglaonema,49.75,52.607142857142854,-2.1000000000000014,-0.2818181818181818,0.0,22.0,52.9,48.694,-0.8660254037844386,0.5000000000000001,0.0,1.0,-14.020454545454545,21600.0,0
Aglaonema,52.0,52.370535714285715,2.25,-0.19272727272727275,0.0,21.9,54.1,21.514,-0.5000000000000004,0.8660254037844384,0.0,1.0,-10.021818181818183,21600.0,0
Aglaonema,51.35,52.169642857142854,-0.6499999999999986,-0.18999999999999992,0.0,21.6,53.3,21.514,0.0,1.0,0.7818314824680298,0.6234898018587336,-9.756499999999996,21600.0,0
Aglaonema,52.85,52.009821428571435,1.5,-0.20363636363636356,0.0,21.5,52.3,0.0,0.49999999999999994,0.8660254037844387,0.7818314824680298,0.6234898018587336,-10.762181818181814,21600.0,0
Aglaonema,51.95,51.793749999999996,-0.8999999999999986,-0.2345454545454544,0.0,21.5,52.0,0.0,0.8660254037844386,0.5000000000000001,0.7818314824680298,0.6234898018587336,-12.184636363636356,21600.0,0
Aglaonema,52.0,51.564285714285724,0.04999999999999716,-0.1736363636363636,0.0,21.7,51.4,34.261,1.0,6.123233995736766e-17,0.7818314824680298,0.6234898018587336,-9.029090909090908,21600.0,0
Aglaonema,50.45,51.36607142857143,-1.5499999999999972,-0.14727272727272717,0.0,21.9,54.7,49.695,0.8660254037844387,-0.4999999999999998,0.7818314824680298,0.6234898018587336,-7.429909090909086,21600.0,0
Aglaonema,49.2,51.199107142857144,-1.25,0.8372727272727274,0.0,22.1,55.4,56.142,0.49999999999999994,-0.8660254037844387,0.7818314824680298,0.6234898018587336,41.19381818181819,21600.0,0
Aglaonema,49.55,52.027678571428574,0.3499999999999943,-0.11454545454545462,0.0,22.2,54.4,60.928,1.2246467991473532e-16,-1.0,0.7818314824680298,0.6234898018587336,-5.675727272727276,21600.0,0
Aglaonema,51.25,51.94553571428571,1.7000000000000028,-0.09818181818181816,0.0,22.2,50.8,33.993,-0.4999999999999997,-0.8660254037844388,0.7818314824680298,0.6234898018587336,-5.03181818181818,21600.0,0
Aglaonema,49.45,51.816964285714285,-1.7999999999999972,-0.10454545454545454,0.0,22.4,54.8,28.059,-0.8660254037844385,-0.5000000000000004,0.7818314824680298,0.6234898018587336,-5.169772727272727,21600.0,0
Aglaonema,51.15,51.74464285714286,1.6999999999999957,-0.020000000000000025,0.0,22.5,56.8,26.203,-1.0,-1.8369701987210297e-16,0.7818314824680298,0.6234898018587336,-1.0230000000000012,21600.0,0
Aglaonema,50.05,51.705357142857146,-1.1000000000000014,-0.02545454545454556,0.0,22.5,57.1,18.706,-0.8660254037844386,0.5000000000000001,0.7818314824680298,0.6234898018587336,-1.2740000000000051,21600.0,0
Aglaonema,51.3,51.70267857142857,1.25,0.05363636363636356,0.0,22.7,58.2,0.0,-0.5000000000000004,0.8660254037844384,0.7818314824680298,0.6234898018587336,2.7515454545454503,21600.0,0
Aglaonema,48.95,51.71339285714286,-2.3499999999999943,0.023636363636363712,0.0,22.5,58.4,0.0,0.0,1.0,0.9749279121818236,-0.22252093395631434,1.1570000000000038,21600.0,0
Aglaonema,48.5,51.728571428571435,-0.45000000000000284,0.010909090909090934,0.0,22.4,58.3,0.0,0.49999999999999994,0.8660254037844387,0.9749279121818236,-0.22252093395631434,0.5290909090909103,21600.0,0
Aglaonema,51.85,51.799107142857146,3.3500000000000014,0.07818181818181826,0.0,22.3,59.1,0.0,0.8660254037844386,0.5000000000000001,0.9749279121818236,-0.22252093395631434,4.053727272727277,21600.0,0
Aglaonema,45.6,51.76428571428572,-6.25,-0.15999999999999995,0.0,22.1,58.4,13.797,1.0,6.123233995736766e-17,0.9749279121818236,-0.22252093395631434,-7.295999999999998,21600.0,0
Aglaonema,47.5,51.64107142857142,1.8999999999999986,-0.08181818181818182,0.0,22.1,58.6,35.018,0.8660254037844387,-0.4999999999999998,0.9749279121818236,-0.22252093395631434,-3.8863636363636362,21600.0,0
Aglaonema,46.95,51.550892857142856,-0.5499999999999972,-0.09181818181818177,0.0,22.1,58.7,61.123,0.49999999999999994,-0.8660254037844387,0.9749279121818236,-0.22252093395631434,-4.310863636363634,21600.0,0
Aglaonema,46.85,51.458928571428565,-0.10000000000000142,-0.0972727272727273,0.0,22.1,58.5,55.092,1.2246467991473532e-16,-1.0,0.9749279121818236,-0.22252093395631434,-4.557227272727275,21600.0,0
Aglaonema,46.45,51.356249999999996,-0.3999999999999986,-0.12909090909090898,0.0,22.3,59.4,57.289,-0.4999999999999997,-0.8660254037844388,0.9749279121818236,-0.22252093395631434,-5.996272727272722,21600.0,0
Aglaonema,43.95,51.184821428571425,-2.5,-0.17090909090909087,0.0,22.4,59.2,60.0,-0.7071067811865471,-0.7071067811865479,0.9749279121818236,-0.22252093395631434,-7.511454545454544,20012.336439140407,0
Aglaonema,45.15,51.03839285714285,1.1999999999999957,-0.12909090909090912,0.0,22.4,58.7,59.512,-0.7071067811865471,-0.7071067811865479,0.9749279121818236,-0.22252093395631434,-5.828454545454546,21600.0,0
